DROP TABLE USER1.DEST_DOC;
DROP TABLE USER1.EDGE;
DROP TABLE USER1.OFFICES;
DROP TABLE USER1.DOCTOR;
DROP TABLE USER1.DESTINATION;
DROP TABLE USER1.NODE;
DROP TABLE USER1.FLOOR;
DROP TABLE USER1.BUILDING;

CREATE TABLE BUILDING
(
  BUILDING_ID INT PRIMARY KEY NOT NULL,
  NAME VARCHAR(100)
);

CREATE TABLE DOCTOR
(
  DOC_ID CHAR(36) PRIMARY KEY NOT NULL,
  NAME VARCHAR(50),
  DESCRIPTION VARCHAR(20),
  NUMBER VARCHAR(20),
  HOURS VARCHAR(20)
);

CREATE TABLE FLOOR
(
  FLOOR_ID VARCHAR(25) PRIMARY KEY NOT NULL,
  BUILDING_ID INT,
  NUMBER INT,
  IMAGE VARCHAR(75),
  CONSTRAINT FLOOR_BUILDING_BUILDING_ID_FK FOREIGN KEY (BUILDING_ID) REFERENCES BUILDING (BUILDING_ID)
);

CREATE TABLE NODE
(
  NODE_ID CHAR(36) PRIMARY KEY NOT NULL,
  POSX FLOAT(52),
  POSY FLOAT(52),
  FLOOR_ID VARCHAR(25),
  TYPE INT,
  CONSTRAINT NODE_FLOOR_FLOOR_ID_FK FOREIGN KEY (FLOOR_ID) REFERENCES FLOOR (FLOOR_ID)
);

CREATE TABLE EDGE
(
  EDGE_ID INT PRIMARY KEY NOT NULL,
  NODEA CHAR(36),
  NODEB CHAR(36),
  COST FLOAT(52),
  FLOOR_ID VARCHAR(25),
  CONSTRAINT EDGE_NODE_NODE_ID_FKA FOREIGN KEY (NODEA) REFERENCES NODE (NODE_ID),
  CONSTRAINT EDGE_NODE_NODE_ID_FKB FOREIGN KEY (NODEB) REFERENCES NODE (NODE_ID),
  CONSTRAINT EDGE_FLOOR_FLOOR_ID_FK FOREIGN KEY (FLOOR_ID) REFERENCES FLOOR (FLOOR_ID)
);

CREATE TABLE DESTINATION
(
  DEST_ID CHAR(36) PRIMARY KEY NOT NULL,
  NAME VARCHAR(200),
  NODE_ID CHAR(36),
  FLOOR_ID VARCHAR(25),
  CONSTRAINT DESTINATION_NODE_NODE_ID_FK FOREIGN KEY (NODE_ID) REFERENCES NODE (NODE_ID),
  CONSTRAINT DESTINATION_FLOOR_FLOOR_ID_FK FOREIGN KEY (FLOOR_ID) REFERENCES FLOOR (FLOOR_ID)
);

CREATE TABLE OFFICES
(
  OFFICE_ID CHAR(36) PRIMARY KEY NOT NULL,
  NAME VARCHAR(200),
  DEST_ID CHAR(36),
  CONSTRAINT OFFICES_DESTINATION_DESTINATION_ID_FK FOREIGN KEY (DEST_ID) REFERENCES DESTINATION (DEST_ID)
);

CREATE TABLE DEST_DOC
(
  DEST_ID CHAR(36),
  DOC_ID CHAR(36),
  CONSTRAINT DESTINATION_DOC_DESTINATION_DESTINATION_ID_FK1 FOREIGN KEY (DEST_ID) REFERENCES DESTINATION (DEST_ID),
  CONSTRAINT DESTINATION_DOC_DOCTOR_DOCTOR_ID_FK2 FOREIGN KEY (DOC_ID) REFERENCES DOCTOR (DOC_ID)
);


INSERT INTO USER1.BUILDING (BUILDING_ID, NAME) VALUES (1, 'Faulkner');
INSERT INTO USER1.DOCTOR (DOC_ID, NAME, DESCRIPTION, NUMBER, HOURS) VALUES ('00000000-0000-0000-0000-000000000001', 'Bachman, William', 'MD', '', '3:30 - 10:30');
INSERT INTO USER1.DOCTOR (DOC_ID, NAME, DESCRIPTION, NUMBER, HOURS) VALUES ('00000000-0000-0000-0000-000000000002', 'Epstein, Lawrence', 'MD', '', '7:00 - 3:00');
INSERT INTO USER1.DOCTOR (DOC_ID, NAME, DESCRIPTION, NUMBER, HOURS) VALUES ('00000000-0000-0000-0000-000000000003', 'Stacks, Robert', 'MD', '', '12:00 - 8:00');
INSERT INTO USER1.DOCTOR (DOC_ID, NAME, DESCRIPTION, NUMBER, HOURS) VALUES ('00000000-0000-0000-0000-000000000004', 'Healy, Barbara', 'RN', '', '5:00 - 1:00');
INSERT INTO USER1.DOCTOR (DOC_ID, NAME, DESCRIPTION, NUMBER, HOURS) VALUES ('00000000-0000-0000-0000-000000000005', 'Morrison, Beverly', 'MD', '', '10:00 - 7:00');
INSERT INTO USER1.DOCTOR (DOC_ID, NAME, DESCRIPTION, NUMBER, HOURS) VALUES ('00000000-0000-0000-0000-000000000006', 'Monaghan, Colleen', 'MD', '', '5:00 - 1:00');
INSERT INTO USER1.DOCTOR (DOC_ID, NAME, DESCRIPTION, NUMBER, HOURS) VALUES ('00000000-0000-0000-0000-000000000007', 'Malone, Linda', 'DNP, RN, CPNP', '', '2:00 - 12:00');
INSERT INTO USER1.DOCTOR (DOC_ID, NAME, DESCRIPTION, NUMBER, HOURS) VALUES ('00000000-0000-0000-0000-000000000008', 'Hinton, Nadia', 'RDN, LDN', '', '2:00 - 12:00');
INSERT INTO USER1.DOCTOR (DOC_ID, NAME, DESCRIPTION, NUMBER, HOURS) VALUES ('00000000-0000-0000-0000-000000000009', 'Quan, Stuart', 'MD', '', '2:00 - 12:00');
INSERT INTO USER1.DOCTOR (DOC_ID, NAME, DESCRIPTION, NUMBER, HOURS) VALUES ('00000000-0000-0000-0000-000000000010', 'Savage, Robert', 'MD', '', '8:00 - 4:00');
INSERT INTO USER1.DOCTOR (DOC_ID, NAME, DESCRIPTION, NUMBER, HOURS) VALUES ('00000000-0000-0000-0000-000000000011', 'Walsh Samp, Kathy', 'LICSW', '', '8:00 - 4:00');
INSERT INTO USER1.DOCTOR (DOC_ID, NAME, DESCRIPTION, NUMBER, HOURS) VALUES ('00000000-0000-0000-0000-000000000012', 'Fitz, Wolfgang', 'MD', '', '6:00 - 2:00');
INSERT INTO USER1.DOCTOR (DOC_ID, NAME, DESCRIPTION, NUMBER, HOURS) VALUES ('00000000-0000-0000-0000-000000000013', 'Kleifield, Allison', 'PA-C', '', '5:00 - 1:00');
INSERT INTO USER1.DOCTOR (DOC_ID, NAME, DESCRIPTION, NUMBER, HOURS) VALUES ('00000000-0000-0000-0000-000000000014', 'Pilgrim, David', 'MD', '', '8:00 - 4:00');
INSERT INTO USER1.DOCTOR (DOC_ID, NAME, DESCRIPTION, NUMBER, HOURS) VALUES ('00000000-0000-0000-0000-000000000015', 'Davidson, Paul', 'PhD', '', '3:00 - 11:00');
INSERT INTO USER1.DOCTOR (DOC_ID, NAME, DESCRIPTION, NUMBER, HOURS) VALUES ('00000000-0000-0000-0000-000000000016', 'Smith, Shannon', 'MD', '', '5:00 - 1:00');
INSERT INTO USER1.DOCTOR (DOC_ID, NAME, DESCRIPTION, NUMBER, HOURS) VALUES ('00000000-0000-0000-0000-000000000017', 'Jeselsohn, Rinath', 'MD', '', '2:00 - 12:00');
INSERT INTO USER1.DOCTOR (DOC_ID, NAME, DESCRIPTION, NUMBER, HOURS) VALUES ('00000000-0000-0000-0000-000000000018', 'Lahair, Tracy', 'PA-C', '', '3:30 - 10:30');
INSERT INTO USER1.DOCTOR (DOC_ID, NAME, DESCRIPTION, NUMBER, HOURS) VALUES ('00000000-0000-0000-0000-000000000019', 'Irani, Jennifer', 'MD', '', '3:00 - 11:00');
INSERT INTO USER1.DOCTOR (DOC_ID, NAME, DESCRIPTION, NUMBER, HOURS) VALUES ('00000000-0000-0000-0000-000000000020', 'Earp, Brandon', 'MD', '', '3:00 - 11:00');
INSERT INTO USER1.DOCTOR (DOC_ID, NAME, DESCRIPTION, NUMBER, HOURS) VALUES ('00000000-0000-0000-0000-000000000021', 'Robinson, Malcolm', 'MD', '', '6:00 - 2:00');
INSERT INTO USER1.DOCTOR (DOC_ID, NAME, DESCRIPTION, NUMBER, HOURS) VALUES ('00000000-0000-0000-0000-000000000022', 'Matzkin, Elizabeth', 'MD', '', '8:00 - 4:00');
INSERT INTO USER1.DOCTOR (DOC_ID, NAME, DESCRIPTION, NUMBER, HOURS) VALUES ('00000000-0000-0000-0000-000000000023', 'Alqueza, Arnold', 'MD', '', '8:00 - 4:00');
INSERT INTO USER1.DOCTOR (DOC_ID, NAME, DESCRIPTION, NUMBER, HOURS) VALUES ('00000000-0000-0000-0000-000000000024', 'Hergrueter, Charles', 'MD', '', '1:00 - 11:00');
INSERT INTO USER1.DOCTOR (DOC_ID, NAME, DESCRIPTION, NUMBER, HOURS) VALUES ('00000000-0000-0000-0000-000000000025', 'Higgins, Laurence', 'MD', '', '10:00 - 7:00');
INSERT INTO USER1.DOCTOR (DOC_ID, NAME, DESCRIPTION, NUMBER, HOURS) VALUES ('00000000-0000-0000-0000-000000000026', 'Lauretti, Linda', 'MD', '', '2:00 - 12:00');
INSERT INTO USER1.DOCTOR (DOC_ID, NAME, DESCRIPTION, NUMBER, HOURS) VALUES ('00000000-0000-0000-0000-000000000027', 'Mathew, Paul', 'MD', '', '5:30 - 4:00');
INSERT INTO USER1.DOCTOR (DOC_ID, NAME, DESCRIPTION, NUMBER, HOURS) VALUES ('00000000-0000-0000-0000-000000000028', 'Wickner, Paige', 'MD', '', '5:00 - 1:00');
INSERT INTO USER1.DOCTOR (DOC_ID, NAME, DESCRIPTION, NUMBER, HOURS) VALUES ('00000000-0000-0000-0000-000000000029', 'Bluman, Eric', 'MD', '', '1:00 - 11:00');
INSERT INTO USER1.DOCTOR (DOC_ID, NAME, DESCRIPTION, NUMBER, HOURS) VALUES ('00000000-0000-0000-0000-000000000030', 'Lilly, Leonard Stuart', 'MD', '', '3:30 - 10:30');
INSERT INTO USER1.DOCTOR (DOC_ID, NAME, DESCRIPTION, NUMBER, HOURS) VALUES ('00000000-0000-0000-0000-000000000031', 'Groden, Joseph', 'MD', '', '3:00 - 11:00');
INSERT INTO USER1.DOCTOR (DOC_ID, NAME, DESCRIPTION, NUMBER, HOURS) VALUES ('00000000-0000-0000-0000-000000000032', 'Kornack, Fulton', 'MD', '', '7:00 - 3:00');
INSERT INTO USER1.DOCTOR (DOC_ID, NAME, DESCRIPTION, NUMBER, HOURS) VALUES ('00000000-0000-0000-0000-000000000033', 'Owens, Lisa Michelle', 'MD', '', '12:00 - 8:00');
INSERT INTO USER1.DOCTOR (DOC_ID, NAME, DESCRIPTION, NUMBER, HOURS) VALUES ('00000000-0000-0000-0000-000000000034', 'Javaheri, Sogol', 'MD', '', '7:00 - 3:00');
INSERT INTO USER1.DOCTOR (DOC_ID, NAME, DESCRIPTION, NUMBER, HOURS) VALUES ('00000000-0000-0000-0000-000000000035', 'OHare, Kitty', 'MD', '', '7:00 - 3:00');
INSERT INTO USER1.DOCTOR (DOC_ID, NAME, DESCRIPTION, NUMBER, HOURS) VALUES ('00000000-0000-0000-0000-000000000036', 'Cochrane, Thomas', 'MD', '', '1:00 - 11:00');
INSERT INTO USER1.DOCTOR (DOC_ID, NAME, DESCRIPTION, NUMBER, HOURS) VALUES ('00000000-0000-0000-0000-000000000037', 'Shah, Amil', 'MD', '', '2:00 - 12:00');
INSERT INTO USER1.DOCTOR (DOC_ID, NAME, DESCRIPTION, NUMBER, HOURS) VALUES ('00000000-0000-0000-0000-000000000038', 'Bartool-Anwar, Salma', 'MD, MPH', '', '2:00 - 12:00');
INSERT INTO USER1.DOCTOR (DOC_ID, NAME, DESCRIPTION, NUMBER, HOURS) VALUES ('00000000-0000-0000-0000-000000000039', 'Ramirez, Alberto', 'MD', '', '8:00 - 4:00');
INSERT INTO USER1.DOCTOR (DOC_ID, NAME, DESCRIPTION, NUMBER, HOURS) VALUES ('00000000-0000-0000-0000-000000000040', 'Lahive, Karen', 'MD', '', '12:00 - 8:00');
INSERT INTO USER1.DOCTOR (DOC_ID, NAME, DESCRIPTION, NUMBER, HOURS) VALUES ('00000000-0000-0000-0000-000000000041', 'Cua, Christopher', 'MD', '', '8:00 - 4:00');
INSERT INTO USER1.DOCTOR (DOC_ID, NAME, DESCRIPTION, NUMBER, HOURS) VALUES ('00000000-0000-0000-0000-000000000042', 'Friedman, Pamela', 'PsyD, ABPP', '', '3:00 - 11:00');
INSERT INTO USER1.DOCTOR (DOC_ID, NAME, DESCRIPTION, NUMBER, HOURS) VALUES ('00000000-0000-0000-0000-000000000043', 'Micley, Bruce', 'MD', '', '5:30 - 4:00');
INSERT INTO USER1.DOCTOR (DOC_ID, NAME, DESCRIPTION, NUMBER, HOURS) VALUES ('00000000-0000-0000-0000-000000000044', 'Halperin, Florencia', 'MD', '', '10:00 - 7:00');
INSERT INTO USER1.DOCTOR (DOC_ID, NAME, DESCRIPTION, NUMBER, HOURS) VALUES ('00000000-0000-0000-0000-000000000045', 'Horowitz, Sandra', 'MD', '', '5:00 - 1:00');
INSERT INTO USER1.DOCTOR (DOC_ID, NAME, DESCRIPTION, NUMBER, HOURS) VALUES ('00000000-0000-0000-0000-000000000046', 'Halvorson, Eric', 'MD', '', '2:00 - 12:00');
INSERT INTO USER1.DOCTOR (DOC_ID, NAME, DESCRIPTION, NUMBER, HOURS) VALUES ('00000000-0000-0000-0000-000000000047', 'Kramer, Justine', 'PA-C', '', '10:00 - 7:00');
INSERT INTO USER1.DOCTOR (DOC_ID, NAME, DESCRIPTION, NUMBER, HOURS) VALUES ('00000000-0000-0000-0000-000000000048', 'Patten, James', 'MD', '', '7:30 - 4:30');
INSERT INTO USER1.DOCTOR (DOC_ID, NAME, DESCRIPTION, NUMBER, HOURS) VALUES ('00000000-0000-0000-0000-000000000049', 'White, David', 'MD', '', '2:00 - 12:00');
INSERT INTO USER1.DOCTOR (DOC_ID, NAME, DESCRIPTION, NUMBER, HOURS) VALUES ('00000000-0000-0000-0000-000000000050', 'Sweeney, Michael', 'MD', '', '3:30 - 10:30');
INSERT INTO USER1.DOCTOR (DOC_ID, NAME, DESCRIPTION, NUMBER, HOURS) VALUES ('00000000-0000-0000-0000-000000000051', 'Drew, Michael', 'MD', '', '1:00 - 11:00');
INSERT INTO USER1.DOCTOR (DOC_ID, NAME, DESCRIPTION, NUMBER, HOURS) VALUES ('00000000-0000-0000-0000-000000000052', 'Nelson, Ehren', 'MD', '', '2:00 - 12:00');
INSERT INTO USER1.DOCTOR (DOC_ID, NAME, DESCRIPTION, NUMBER, HOURS) VALUES ('00000000-0000-0000-0000-000000000053', 'Schissel, Scott', 'MD', '', '9:00 - 5:00');
INSERT INTO USER1.DOCTOR (DOC_ID, NAME, DESCRIPTION, NUMBER, HOURS) VALUES ('00000000-0000-0000-0000-000000000054', 'Byrne, Jennifer', 'RN, CPNP', '', '8:00 - 4:00');
INSERT INTO USER1.DOCTOR (DOC_ID, NAME, DESCRIPTION, NUMBER, HOURS) VALUES ('00000000-0000-0000-0000-000000000055', 'Greenberg, James Adam', 'MD', '', '8:00 - 4:00');
INSERT INTO USER1.DOCTOR (DOC_ID, NAME, DESCRIPTION, NUMBER, HOURS) VALUES ('00000000-0000-0000-0000-000000000056', 'Altschul, Nomee', 'PA-C', '', '3:00 - 11:00');
INSERT INTO USER1.DOCTOR (DOC_ID, NAME, DESCRIPTION, NUMBER, HOURS) VALUES ('00000000-0000-0000-0000-000000000057', 'Chun, Yoon Sun', 'MD', '', '10:00 - 7:00');
INSERT INTO USER1.DOCTOR (DOC_ID, NAME, DESCRIPTION, NUMBER, HOURS) VALUES ('00000000-0000-0000-0000-000000000058', 'Eatman, Arlan', 'LCSW', '', '5:00 - 1:00');
INSERT INTO USER1.DOCTOR (DOC_ID, NAME, DESCRIPTION, NUMBER, HOURS) VALUES ('00000000-0000-0000-0000-000000000059', 'Howard, Neal Anthony', 'LICSW', '', '5:30 - 4:00');
INSERT INTO USER1.DOCTOR (DOC_ID, NAME, DESCRIPTION, NUMBER, HOURS) VALUES ('00000000-0000-0000-0000-000000000060', 'Steele, Graeme', 'MD', '', '2:00 - 12:00');
INSERT INTO USER1.DOCTOR (DOC_ID, NAME, DESCRIPTION, NUMBER, HOURS) VALUES ('00000000-0000-0000-0000-000000000061', 'Fromson, John', 'MD', '', '5:00 - 1:00');
INSERT INTO USER1.DOCTOR (DOC_ID, NAME, DESCRIPTION, NUMBER, HOURS) VALUES ('00000000-0000-0000-0000-000000000062', 'Khaodhiar, Lalita', 'MD', '', '8:00 - 4:00');
INSERT INTO USER1.DOCTOR (DOC_ID, NAME, DESCRIPTION, NUMBER, HOURS) VALUES ('00000000-0000-0000-0000-000000000063', 'Keller, Beth', 'RN, PsyD', '', '2:00 - 12:00');
INSERT INTO USER1.DOCTOR (DOC_ID, NAME, DESCRIPTION, NUMBER, HOURS) VALUES ('00000000-0000-0000-0000-000000000064', 'Harris, Mitchel', 'MD', '', '2:00 - 12:00');
INSERT INTO USER1.DOCTOR (DOC_ID, NAME, DESCRIPTION, NUMBER, HOURS) VALUES ('00000000-0000-0000-0000-000000000065', 'Rangel, Erika', 'MD', '', '7:30 - 4:30');
INSERT INTO USER1.DOCTOR (DOC_ID, NAME, DESCRIPTION, NUMBER, HOURS) VALUES ('00000000-0000-0000-0000-000000000066', 'Caterson, Stephanie', 'MD', '', '2:00 - 12:00');
INSERT INTO USER1.DOCTOR (DOC_ID, NAME, DESCRIPTION, NUMBER, HOURS) VALUES ('00000000-0000-0000-0000-000000000067', 'Miner, Julie', 'MD', '', '7:30 - 4:30');
INSERT INTO USER1.DOCTOR (DOC_ID, NAME, DESCRIPTION, NUMBER, HOURS) VALUES ('00000000-0000-0000-0000-000000000068', 'Novak, Peter', 'MD', '', '8:00 - 4:00');
INSERT INTO USER1.DOCTOR (DOC_ID, NAME, DESCRIPTION, NUMBER, HOURS) VALUES ('00000000-0000-0000-0000-000000000069', 'Schmults, Chrysalyne', 'MD', '', '3:30 - 10:30');
INSERT INTO USER1.DOCTOR (DOC_ID, NAME, DESCRIPTION, NUMBER, HOURS) VALUES ('00000000-0000-0000-0000-000000000070', 'Todd, Derrick', 'MD, PhD', '', '6:00 - 2:00');
INSERT INTO USER1.DOCTOR (DOC_ID, NAME, DESCRIPTION, NUMBER, HOURS) VALUES ('00000000-0000-0000-0000-000000000071', 'Bernstein, Carolyn', 'MD', '', '5:00 - 1:00');
INSERT INTO USER1.DOCTOR (DOC_ID, NAME, DESCRIPTION, NUMBER, HOURS) VALUES ('00000000-0000-0000-0000-000000000072', 'Sharma, Niraj', 'MD', '', '5:30 - 4:00');
INSERT INTO USER1.DOCTOR (DOC_ID, NAME, DESCRIPTION, NUMBER, HOURS) VALUES ('00000000-0000-0000-0000-000000000073', 'Dawson, Courtney', 'MD', '', '5:00 - 1:00');
INSERT INTO USER1.DOCTOR (DOC_ID, NAME, DESCRIPTION, NUMBER, HOURS) VALUES ('00000000-0000-0000-0000-000000000074', 'King, Tari', 'MD', '', '3:00 - 11:00');
INSERT INTO USER1.DOCTOR (DOC_ID, NAME, DESCRIPTION, NUMBER, HOURS) VALUES ('00000000-0000-0000-0000-000000000075', 'Blazar Phil', 'MD', '', '9:00 - 5:00');
INSERT INTO USER1.DOCTOR (DOC_ID, NAME, DESCRIPTION, NUMBER, HOURS) VALUES ('00000000-0000-0000-0000-000000000076', 'Laskowski, Karl', 'MD', '', '10:00 - 7:00');
INSERT INTO USER1.DOCTOR (DOC_ID, NAME, DESCRIPTION, NUMBER, HOURS) VALUES ('00000000-0000-0000-0000-000000000077', 'Nadarajah, Sarah', 'WHNP', '', '5:00 - 1:00');
INSERT INTO USER1.DOCTOR (DOC_ID, NAME, DESCRIPTION, NUMBER, HOURS) VALUES ('00000000-0000-0000-0000-000000000078', 'Ruff, Christian', 'MD', '', '1:00 - 11:00');
INSERT INTO USER1.DOCTOR (DOC_ID, NAME, DESCRIPTION, NUMBER, HOURS) VALUES ('00000000-0000-0000-0000-000000000079', 'Carleen, Mary Anne', 'PA-C', '', '1:00 - 11:00');
INSERT INTO USER1.DOCTOR (DOC_ID, NAME, DESCRIPTION, NUMBER, HOURS) VALUES ('00000000-0000-0000-0000-000000000080', 'Nehs, Matthew', 'MD', '', '10:00 - 7:00');
INSERT INTO USER1.DOCTOR (DOC_ID, NAME, DESCRIPTION, NUMBER, HOURS) VALUES ('00000000-0000-0000-0000-000000000081', 'Berman, Stephanie', 'MD', '', '7:30 - 4:30');
INSERT INTO USER1.DOCTOR (DOC_ID, NAME, DESCRIPTION, NUMBER, HOURS) VALUES ('00000000-0000-0000-0000-000000000082', 'Melnitchouk, Neyla', 'MD', '', '10:00 - 7:00');
INSERT INTO USER1.DOCTOR (DOC_ID, NAME, DESCRIPTION, NUMBER, HOURS) VALUES ('00000000-0000-0000-0000-000000000083', 'Viola, Julianne', 'MD', '', '5:30 - 4:00');
INSERT INTO USER1.DOCTOR (DOC_ID, NAME, DESCRIPTION, NUMBER, HOURS) VALUES ('00000000-0000-0000-0000-000000000084', 'Balash, Eva', 'MD', '', '12:00 - 8:00');
INSERT INTO USER1.DOCTOR (DOC_ID, NAME, DESCRIPTION, NUMBER, HOURS) VALUES ('00000000-0000-0000-0000-000000000085', 'Hartman, Katy', 'MS, RD, LDN', '', '8:00 - 4:00');
INSERT INTO USER1.DOCTOR (DOC_ID, NAME, DESCRIPTION, NUMBER, HOURS) VALUES ('00000000-0000-0000-0000-000000000086', 'Samadi, Farrah', 'NP', '', '7:30 - 4:30');
INSERT INTO USER1.DOCTOR (DOC_ID, NAME, DESCRIPTION, NUMBER, HOURS) VALUES ('00000000-0000-0000-0000-000000000087', 'Joyce, Eileen', 'LICSW', '', '1:00 - 11:00');
INSERT INTO USER1.DOCTOR (DOC_ID, NAME, DESCRIPTION, NUMBER, HOURS) VALUES ('00000000-0000-0000-0000-000000000088', 'Ingram, Abbie', 'PA-C', '', '2:00 - 12:00');
INSERT INTO USER1.DOCTOR (DOC_ID, NAME, DESCRIPTION, NUMBER, HOURS) VALUES ('00000000-0000-0000-0000-000000000089', 'Perry, David', 'LICSW', '', '7:00 - 3:00');
INSERT INTO USER1.DOCTOR (DOC_ID, NAME, DESCRIPTION, NUMBER, HOURS) VALUES ('00000000-0000-0000-0000-000000000090', 'Frangos, Jason', 'MD', '', '8:00 - 4:00');
INSERT INTO USER1.DOCTOR (DOC_ID, NAME, DESCRIPTION, NUMBER, HOURS) VALUES ('00000000-0000-0000-0000-000000000091', 'McKenna, Robert', 'PA-C', '', '9:00 - 5:00');
INSERT INTO USER1.DOCTOR (DOC_ID, NAME, DESCRIPTION, NUMBER, HOURS) VALUES ('00000000-0000-0000-0000-000000000092', 'Copello, Maria', 'MD', '', '1:00 - 11:00');
INSERT INTO USER1.DOCTOR (DOC_ID, NAME, DESCRIPTION, NUMBER, HOURS) VALUES ('00000000-0000-0000-0000-000000000093', 'Cardet, Juan Carlos', 'MD', '', '6:00 - 2:00');
INSERT INTO USER1.DOCTOR (DOC_ID, NAME, DESCRIPTION, NUMBER, HOURS) VALUES ('00000000-0000-0000-0000-000000000094', 'McDonnell, Marie', 'MD', '', '7:00 - 3:00');
INSERT INTO USER1.DOCTOR (DOC_ID, NAME, DESCRIPTION, NUMBER, HOURS) VALUES ('00000000-0000-0000-0000-000000000095', 'Belkin, Michael', 'MD', '', '5:30 - 4:00');
INSERT INTO USER1.DOCTOR (DOC_ID, NAME, DESCRIPTION, NUMBER, HOURS) VALUES ('00000000-0000-0000-0000-000000000096', 'Wagle, Neil', 'MD', '', '5:00 - 1:00');
INSERT INTO USER1.DOCTOR (DOC_ID, NAME, DESCRIPTION, NUMBER, HOURS) VALUES ('00000000-0000-0000-0000-000000000097', 'Pingeton, Mallory', 'PA-C', '', '3:00 - 11:00');
INSERT INTO USER1.DOCTOR (DOC_ID, NAME, DESCRIPTION, NUMBER, HOURS) VALUES ('00000000-0000-0000-0000-000000000098', 'Romano, Keith', 'MD', '', '12:00 - 8:00');
INSERT INTO USER1.DOCTOR (DOC_ID, NAME, DESCRIPTION, NUMBER, HOURS) VALUES ('00000000-0000-0000-0000-000000000099', 'Drewniak, Stephen', 'MD', '', '10:00 - 7:00');
INSERT INTO USER1.DOCTOR (DOC_ID, NAME, DESCRIPTION, NUMBER, HOURS) VALUES ('00000000-0000-0000-0000-000000000100', 'Mullally, William', 'MD', '', '8:00 - 4:00');
INSERT INTO USER1.DOCTOR (DOC_ID, NAME, DESCRIPTION, NUMBER, HOURS) VALUES ('00000000-0000-0000-0000-000000000244', 'Issa, Mohammed', 'MD', '', '5:00 - 1:00');
INSERT INTO USER1.DOCTOR (DOC_ID, NAME, DESCRIPTION, NUMBER, HOURS) VALUES ('00000000-0000-0000-0000-000000000101', 'Ermann, Jeorg', 'MD', '', '5:00 - 1:00');
INSERT INTO USER1.DOCTOR (DOC_ID, NAME, DESCRIPTION, NUMBER, HOURS) VALUES ('00000000-0000-0000-0000-000000000102', 'Miatto, Orietta', 'MD', '', '2:00 - 12:00');
INSERT INTO USER1.DOCTOR (DOC_ID, NAME, DESCRIPTION, NUMBER, HOURS) VALUES ('00000000-0000-0000-0000-000000000103', 'Issac, Zacharia', 'MD', '', '8:00 - 4:00');
INSERT INTO USER1.DOCTOR (DOC_ID, NAME, DESCRIPTION, NUMBER, HOURS) VALUES ('00000000-0000-0000-0000-000000000104', 'Warth, James', 'MD', '', '6:00 - 2:00');
INSERT INTO USER1.DOCTOR (DOC_ID, NAME, DESCRIPTION, NUMBER, HOURS) VALUES ('00000000-0000-0000-0000-000000000105', 'Yudkoff, Benjamin', 'MD', '', '3:00 - 11:00');
INSERT INTO USER1.DOCTOR (DOC_ID, NAME, DESCRIPTION, NUMBER, HOURS) VALUES ('00000000-0000-0000-0000-000000000106', 'Clark, Roger', 'DO', '', '2:00 - 12:00');
INSERT INTO USER1.DOCTOR (DOC_ID, NAME, DESCRIPTION, NUMBER, HOURS) VALUES ('00000000-0000-0000-0000-000000000107', 'McKitrick, Charles', 'MD', '', '3:30 - 10:30');
INSERT INTO USER1.DOCTOR (DOC_ID, NAME, DESCRIPTION, NUMBER, HOURS) VALUES ('00000000-0000-0000-0000-000000000108', 'OConnor, Elizabeth', 'MD', '', '5:00 - 1:00');
INSERT INTO USER1.DOCTOR (DOC_ID, NAME, DESCRIPTION, NUMBER, HOURS) VALUES ('00000000-0000-0000-0000-000000000109', 'Boatwright, Giuseppina', 'MD', '', '10:00 - 7:00');
INSERT INTO USER1.DOCTOR (DOC_ID, NAME, DESCRIPTION, NUMBER, HOURS) VALUES ('00000000-0000-0000-0000-000000000110', 'Caplan, Laura', 'PA-C', '', '7:00 - 3:00');
INSERT INTO USER1.DOCTOR (DOC_ID, NAME, DESCRIPTION, NUMBER, HOURS) VALUES ('00000000-0000-0000-0000-000000000111', 'Warth, Maria', 'MD', '', '9:00 - 5:00');
INSERT INTO USER1.DOCTOR (DOC_ID, NAME, DESCRIPTION, NUMBER, HOURS) VALUES ('00000000-0000-0000-0000-000000000112', 'McMahon, Gearoid', 'MD', '', '12:00 - 8:00');
INSERT INTO USER1.DOCTOR (DOC_ID, NAME, DESCRIPTION, NUMBER, HOURS) VALUES ('00000000-0000-0000-0000-000000000113', 'Hentschel, Dirk', 'MD', '', '7:00 - 3:00');
INSERT INTO USER1.DOCTOR (DOC_ID, NAME, DESCRIPTION, NUMBER, HOURS) VALUES ('00000000-0000-0000-0000-000000000114', 'Cahan, David', 'MD', '', '5:00 - 1:00');
INSERT INTO USER1.DOCTOR (DOC_ID, NAME, DESCRIPTION, NUMBER, HOURS) VALUES ('00000000-0000-0000-0000-000000000115', 'Haimovici, Florina', 'MD', '', '5:30 - 4:00');
INSERT INTO USER1.DOCTOR (DOC_ID, NAME, DESCRIPTION, NUMBER, HOURS) VALUES ('00000000-0000-0000-0000-000000000116', 'Matloff, Daniel', 'MD', '', '1:00 - 11:00');
INSERT INTO USER1.DOCTOR (DOC_ID, NAME, DESCRIPTION, NUMBER, HOURS) VALUES ('00000000-0000-0000-0000-000000000117', 'Stone, Rebecca', 'MD', '', '3:30 - 10:30');
INSERT INTO USER1.DOCTOR (DOC_ID, NAME, DESCRIPTION, NUMBER, HOURS) VALUES ('00000000-0000-0000-0000-000000000118', 'Isom, Kellene', 'MS, RN, LDN', '', '3:00 - 11:00');
INSERT INTO USER1.DOCTOR (DOC_ID, NAME, DESCRIPTION, NUMBER, HOURS) VALUES ('00000000-0000-0000-0000-000000000119', 'Hartigan, Joseph', 'DPM', '', '8:00 - 4:00');
INSERT INTO USER1.DOCTOR (DOC_ID, NAME, DESCRIPTION, NUMBER, HOURS) VALUES ('00000000-0000-0000-0000-000000000120', 'Homenko, Daria', 'MD', '', '8:00 - 4:00');
INSERT INTO USER1.DOCTOR (DOC_ID, NAME, DESCRIPTION, NUMBER, HOURS) VALUES ('00000000-0000-0000-0000-000000000121', 'Roditi, Rachel', 'MD', '', '9:00 - 5:00');
INSERT INTO USER1.DOCTOR (DOC_ID, NAME, DESCRIPTION, NUMBER, HOURS) VALUES ('00000000-0000-0000-0000-000000000122', 'Scheff, David', 'MD', '', '6:00 - 2:00');
INSERT INTO USER1.DOCTOR (DOC_ID, NAME, DESCRIPTION, NUMBER, HOURS) VALUES ('00000000-0000-0000-0000-000000000123', 'Humbert, Timberly', 'MD', '', '10:00 - 7:00');
INSERT INTO USER1.DOCTOR (DOC_ID, NAME, DESCRIPTION, NUMBER, HOURS) VALUES ('00000000-0000-0000-0000-000000000124', 'Lu, Yi', 'MD', '', '10:00 - 7:00');
INSERT INTO USER1.DOCTOR (DOC_ID, NAME, DESCRIPTION, NUMBER, HOURS) VALUES ('00000000-0000-0000-0000-000000000125', 'Rizzoli, Paul', 'MD', '', '7:00 - 3:00');
INSERT INTO USER1.DOCTOR (DOC_ID, NAME, DESCRIPTION, NUMBER, HOURS) VALUES ('00000000-0000-0000-0000-000000000126', 'Paperno, Halie', 'Au.D, CCC-A', '', '10:00 - 7:00');
INSERT INTO USER1.DOCTOR (DOC_ID, NAME, DESCRIPTION, NUMBER, HOURS) VALUES ('00000000-0000-0000-0000-000000000127', 'Omobomi, Olabimpe', 'MD', '', '3:30 - 10:30');
INSERT INTO USER1.DOCTOR (DOC_ID, NAME, DESCRIPTION, NUMBER, HOURS) VALUES ('00000000-0000-0000-0000-000000000128', 'Innis, William', 'MD', '', '8:00 - 4:00');
INSERT INTO USER1.DOCTOR (DOC_ID, NAME, DESCRIPTION, NUMBER, HOURS) VALUES ('00000000-0000-0000-0000-000000000129', 'Divito, Sherrie', 'MD, PhD', '', '7:00 - 3:00');
INSERT INTO USER1.DOCTOR (DOC_ID, NAME, DESCRIPTION, NUMBER, HOURS) VALUES ('00000000-0000-0000-0000-000000000130', 'Dave, Jatin', 'MD', '', '8:00 - 4:00');
INSERT INTO USER1.DOCTOR (DOC_ID, NAME, DESCRIPTION, NUMBER, HOURS) VALUES ('00000000-0000-0000-0000-000000000131', 'Shoji, Brent', 'MD', '', '10:00 - 7:00');
INSERT INTO USER1.DOCTOR (DOC_ID, NAME, DESCRIPTION, NUMBER, HOURS) VALUES ('00000000-0000-0000-0000-000000000132', 'Ash, Samuel', 'MD', '', '9:00 - 5:00');
INSERT INTO USER1.DOCTOR (DOC_ID, NAME, DESCRIPTION, NUMBER, HOURS) VALUES ('00000000-0000-0000-0000-000000000133', 'Parker, Leroy', 'MD', '', '3:30 - 10:30');
INSERT INTO USER1.DOCTOR (DOC_ID, NAME, DESCRIPTION, NUMBER, HOURS) VALUES ('00000000-0000-0000-0000-000000000134', 'Goldman, Jill', 'MD', '', '5:30 - 4:00');
INSERT INTO USER1.DOCTOR (DOC_ID, NAME, DESCRIPTION, NUMBER, HOURS) VALUES ('00000000-0000-0000-0000-000000000135', 'Kessler, Joshua', 'MD', '', '3:30 - 10:30');
INSERT INTO USER1.DOCTOR (DOC_ID, NAME, DESCRIPTION, NUMBER, HOURS) VALUES ('00000000-0000-0000-0000-000000000136', 'Leone, Amanda', 'LICSW', '', '6:00 - 2:00');
INSERT INTO USER1.DOCTOR (DOC_ID, NAME, DESCRIPTION, NUMBER, HOURS) VALUES ('00000000-0000-0000-0000-000000000137', 'Samara, Mariah', 'MD', '', '5:00 - 1:00');
INSERT INTO USER1.DOCTOR (DOC_ID, NAME, DESCRIPTION, NUMBER, HOURS) VALUES ('00000000-0000-0000-0000-000000000138', 'Fanta, Christopher', 'MD', '', '7:00 - 3:00');
INSERT INTO USER1.DOCTOR (DOC_ID, NAME, DESCRIPTION, NUMBER, HOURS) VALUES ('00000000-0000-0000-0000-000000000139', 'Keller, Elisabeth', 'MD', '', '5:30 - 4:00');
INSERT INTO USER1.DOCTOR (DOC_ID, NAME, DESCRIPTION, NUMBER, HOURS) VALUES ('00000000-0000-0000-0000-000000000140', 'Conant, Alene', 'MD', '', '10:00 - 7:00');
INSERT INTO USER1.DOCTOR (DOC_ID, NAME, DESCRIPTION, NUMBER, HOURS) VALUES ('00000000-0000-0000-0000-000000000141', 'Palermo, Nadine', 'MD', '', '1:00 - 11:00');
INSERT INTO USER1.DOCTOR (DOC_ID, NAME, DESCRIPTION, NUMBER, HOURS) VALUES ('00000000-0000-0000-0000-000000000142', 'Chan, Walter', 'MD', '', '3:00 - 11:00');
INSERT INTO USER1.DOCTOR (DOC_ID, NAME, DESCRIPTION, NUMBER, HOURS) VALUES ('00000000-0000-0000-0000-000000000143', 'Dowd, Erin', 'LICSW', '', '7:00 - 3:00');
INSERT INTO USER1.DOCTOR (DOC_ID, NAME, DESCRIPTION, NUMBER, HOURS) VALUES ('00000000-0000-0000-0000-000000000144', 'Nuspl, Kristen', 'PA-C', '', '3:00 - 11:00');
INSERT INTO USER1.DOCTOR (DOC_ID, NAME, DESCRIPTION, NUMBER, HOURS) VALUES ('00000000-0000-0000-0000-000000000145', 'Lafleur, Emily', 'PA-C', '', '2:00 - 12:00');
INSERT INTO USER1.DOCTOR (DOC_ID, NAME, DESCRIPTION, NUMBER, HOURS) VALUES ('00000000-0000-0000-0000-000000000146', 'Saldana, Fidencio', 'MD', '', '2:00 - 12:00');
INSERT INTO USER1.DOCTOR (DOC_ID, NAME, DESCRIPTION, NUMBER, HOURS) VALUES ('00000000-0000-0000-0000-000000000147', 'Welker, Roy', 'MD', '', '1:00 - 11:00');
INSERT INTO USER1.DOCTOR (DOC_ID, NAME, DESCRIPTION, NUMBER, HOURS) VALUES ('00000000-0000-0000-0000-000000000148', 'McNabb-Balter, Julia', 'MD', '', '1:00 - 11:00');
INSERT INTO USER1.DOCTOR (DOC_ID, NAME, DESCRIPTION, NUMBER, HOURS) VALUES ('00000000-0000-0000-0000-000000000149', 'Malone, Michael', 'MD', '', '5:30 - 4:00');
INSERT INTO USER1.DOCTOR (DOC_ID, NAME, DESCRIPTION, NUMBER, HOURS) VALUES ('00000000-0000-0000-0000-000000000150', 'Oliver, Lynn', 'RN', '', '7:00 - 3:00');
INSERT INTO USER1.DOCTOR (DOC_ID, NAME, DESCRIPTION, NUMBER, HOURS) VALUES ('00000000-0000-0000-0000-000000000151', 'Voiculescu, Adina', 'MD', '', '7:30 - 4:30');
INSERT INTO USER1.DOCTOR (DOC_ID, NAME, DESCRIPTION, NUMBER, HOURS) VALUES ('00000000-0000-0000-0000-000000000152', 'Saluti, Andrew', 'DO', '', '5:30 - 4:00');
INSERT INTO USER1.DOCTOR (DOC_ID, NAME, DESCRIPTION, NUMBER, HOURS) VALUES ('00000000-0000-0000-0000-000000000153', 'Sheth, Samira', 'NP', '', '7:30 - 4:30');
INSERT INTO USER1.DOCTOR (DOC_ID, NAME, DESCRIPTION, NUMBER, HOURS) VALUES ('00000000-0000-0000-0000-000000000154', 'Cardin, Kristin', 'NP', '', '9:00 - 5:00');
INSERT INTO USER1.DOCTOR (DOC_ID, NAME, DESCRIPTION, NUMBER, HOURS) VALUES ('00000000-0000-0000-0000-000000000155', 'Butler, Matthew', 'DPM', '', '2:00 - 12:00');
INSERT INTO USER1.DOCTOR (DOC_ID, NAME, DESCRIPTION, NUMBER, HOURS) VALUES ('00000000-0000-0000-0000-000000000156', 'Duggan, Margaret', 'MD', '', '2:00 - 12:00');
INSERT INTO USER1.DOCTOR (DOC_ID, NAME, DESCRIPTION, NUMBER, HOURS) VALUES ('00000000-0000-0000-0000-000000000157', 'Connell, Nathan', 'MD', '', '2:00 - 12:00');
INSERT INTO USER1.DOCTOR (DOC_ID, NAME, DESCRIPTION, NUMBER, HOURS) VALUES ('00000000-0000-0000-0000-000000000158', 'Groff, Michael', 'MD', '', '5:00 - 1:00');
INSERT INTO USER1.DOCTOR (DOC_ID, NAME, DESCRIPTION, NUMBER, HOURS) VALUES ('00000000-0000-0000-0000-000000000159', 'Carty, Matthew', 'MD', '', '10:00 - 7:00');
INSERT INTO USER1.DOCTOR (DOC_ID, NAME, DESCRIPTION, NUMBER, HOURS) VALUES ('00000000-0000-0000-0000-000000000160', 'Pavlova, Milena', 'MD', '', '5:00 - 1:00');
INSERT INTO USER1.DOCTOR (DOC_ID, NAME, DESCRIPTION, NUMBER, HOURS) VALUES ('00000000-0000-0000-0000-000000000161', 'Preneta, Ewa', 'MD', '', '5:00 - 1:00');
INSERT INTO USER1.DOCTOR (DOC_ID, NAME, DESCRIPTION, NUMBER, HOURS) VALUES ('00000000-0000-0000-0000-000000000162', 'McCarthy, Rita', 'NP', '', '3:00 - 11:00');
INSERT INTO USER1.DOCTOR (DOC_ID, NAME, DESCRIPTION, NUMBER, HOURS) VALUES ('00000000-0000-0000-0000-000000000163', 'Tarpy, Robert', 'MD', '', '12:00 - 8:00');
INSERT INTO USER1.DOCTOR (DOC_ID, NAME, DESCRIPTION, NUMBER, HOURS) VALUES ('00000000-0000-0000-0000-000000000164', 'Matthews, Robert', 'PA-C', '', '10:00 - 7:00');
INSERT INTO USER1.DOCTOR (DOC_ID, NAME, DESCRIPTION, NUMBER, HOURS) VALUES ('00000000-0000-0000-0000-000000000165', 'Trumble, Julia', 'LICSW', '', '9:00 - 5:00');
INSERT INTO USER1.DOCTOR (DOC_ID, NAME, DESCRIPTION, NUMBER, HOURS) VALUES ('00000000-0000-0000-0000-000000000166', 'Webber, Anthony', 'MD', '', '3:30 - 10:30');
INSERT INTO USER1.DOCTOR (DOC_ID, NAME, DESCRIPTION, NUMBER, HOURS) VALUES ('00000000-0000-0000-0000-000000000167', 'Bhasin, Shalender', 'MD', '', '7:00 - 3:00');
INSERT INTO USER1.DOCTOR (DOC_ID, NAME, DESCRIPTION, NUMBER, HOURS) VALUES ('00000000-0000-0000-0000-000000000168', 'Waldman, Abigail', 'MD', '', '2:00 - 12:00');
INSERT INTO USER1.DOCTOR (DOC_ID, NAME, DESCRIPTION, NUMBER, HOURS) VALUES ('00000000-0000-0000-0000-000000000169', 'Whitman, Gregory', 'MD', '', '7:30 - 4:30');
INSERT INTO USER1.DOCTOR (DOC_ID, NAME, DESCRIPTION, NUMBER, HOURS) VALUES ('00000000-0000-0000-0000-000000000170', 'Smith, Benjamin', 'MD', '', '2:00 - 12:00');
INSERT INTO USER1.DOCTOR (DOC_ID, NAME, DESCRIPTION, NUMBER, HOURS) VALUES ('00000000-0000-0000-0000-000000000171', 'Yung, Rachel', 'MD', '', '5:00 - 1:00');
INSERT INTO USER1.DOCTOR (DOC_ID, NAME, DESCRIPTION, NUMBER, HOURS) VALUES ('00000000-0000-0000-0000-000000000172', 'Bhattacharyya, Shamik', 'MD', '', '6:00 - 2:00');
INSERT INTO USER1.DOCTOR (DOC_ID, NAME, DESCRIPTION, NUMBER, HOURS) VALUES ('00000000-0000-0000-0000-000000000173', 'Yong, Jason', 'MD', '', '8:00 - 4:00');
INSERT INTO USER1.DOCTOR (DOC_ID, NAME, DESCRIPTION, NUMBER, HOURS) VALUES ('00000000-0000-0000-0000-000000000174', 'Spector, David', 'MD', '', '3:30 - 10:30');
INSERT INTO USER1.DOCTOR (DOC_ID, NAME, DESCRIPTION, NUMBER, HOURS) VALUES ('00000000-0000-0000-0000-000000000175', 'Doherty, Meghan', 'LCSW', '', '7:30 - 4:30');
INSERT INTO USER1.DOCTOR (DOC_ID, NAME, DESCRIPTION, NUMBER, HOURS) VALUES ('00000000-0000-0000-0000-000000000176', 'Schoenfeld, Andrew', 'MD', '', '12:00 - 8:00');
INSERT INTO USER1.DOCTOR (DOC_ID, NAME, DESCRIPTION, NUMBER, HOURS) VALUES ('00000000-0000-0000-0000-000000000177', 'Corrales, Carleton Eduardo', 'MD', '', '10:00 - 7:00');
INSERT INTO USER1.DOCTOR (DOC_ID, NAME, DESCRIPTION, NUMBER, HOURS) VALUES ('00000000-0000-0000-0000-000000000178', 'Vernon, Ashley', 'MD', '', '10:00 - 7:00');
INSERT INTO USER1.DOCTOR (DOC_ID, NAME, DESCRIPTION, NUMBER, HOURS) VALUES ('00000000-0000-0000-0000-000000000179', 'Parnes, Aric', 'MD', '', '12:00 - 8:00');
INSERT INTO USER1.DOCTOR (DOC_ID, NAME, DESCRIPTION, NUMBER, HOURS) VALUES ('00000000-0000-0000-0000-000000000180', 'Lai, Leonard', 'MD', '', '1:00 - 11:00');
INSERT INTO USER1.DOCTOR (DOC_ID, NAME, DESCRIPTION, NUMBER, HOURS) VALUES ('00000000-0000-0000-0000-000000000181', 'Taylor, Cristin', 'PA-C', '', '3:00 - 11:00');
INSERT INTO USER1.DOCTOR (DOC_ID, NAME, DESCRIPTION, NUMBER, HOURS) VALUES ('00000000-0000-0000-0000-000000000182', 'Grossi, Lisa', 'RN, MS, CPNP', '', '7:00 - 3:00');
INSERT INTO USER1.DOCTOR (DOC_ID, NAME, DESCRIPTION, NUMBER, HOURS) VALUES ('00000000-0000-0000-0000-000000000183', 'Healey, Michael', 'MD', '', '3:00 - 11:00');
INSERT INTO USER1.DOCTOR (DOC_ID, NAME, DESCRIPTION, NUMBER, HOURS) VALUES ('00000000-0000-0000-0000-000000000184', 'Angell, Trevor', 'MD', '', '7:00 - 3:00');
INSERT INTO USER1.DOCTOR (DOC_ID, NAME, DESCRIPTION, NUMBER, HOURS) VALUES ('00000000-0000-0000-0000-000000000185', 'Tucker, Kevin', 'MD', '', '3:30 - 10:30');
INSERT INTO USER1.DOCTOR (DOC_ID, NAME, DESCRIPTION, NUMBER, HOURS) VALUES ('00000000-0000-0000-0000-000000000186', 'Prince, Anthony', 'MD', '', '7:00 - 3:00');
INSERT INTO USER1.DOCTOR (DOC_ID, NAME, DESCRIPTION, NUMBER, HOURS) VALUES ('00000000-0000-0000-0000-000000000187', 'Brick, Gregory', 'MD', '', '3:00 - 11:00');
INSERT INTO USER1.DOCTOR (DOC_ID, NAME, DESCRIPTION, NUMBER, HOURS) VALUES ('00000000-0000-0000-0000-000000000188', 'Barr, Joseph Jr.', 'MD', '', '10:00 - 7:00');
INSERT INTO USER1.DOCTOR (DOC_ID, NAME, DESCRIPTION, NUMBER, HOURS) VALUES ('00000000-0000-0000-0000-000000000189', 'Vigneau, Shari', 'PA-C', '', '2:00 - 12:00');
INSERT INTO USER1.DOCTOR (DOC_ID, NAME, DESCRIPTION, NUMBER, HOURS) VALUES ('00000000-0000-0000-0000-000000000190', 'Whitlock, Kaitlyn', 'PA-C', '', '5:30 - 4:00');
INSERT INTO USER1.DOCTOR (DOC_ID, NAME, DESCRIPTION, NUMBER, HOURS) VALUES ('00000000-0000-0000-0000-000000000191', 'Tenforde, Adam', 'MD', '', '5:00 - 1:00');
INSERT INTO USER1.DOCTOR (DOC_ID, NAME, DESCRIPTION, NUMBER, HOURS) VALUES ('00000000-0000-0000-0000-000000000192', 'Frangieh, George', 'MD', '', '9:00 - 5:00');
INSERT INTO USER1.DOCTOR (DOC_ID, NAME, DESCRIPTION, NUMBER, HOURS) VALUES ('00000000-0000-0000-0000-000000000193', 'McDonald, Michael', 'MD', '', '5:00 - 1:00');
INSERT INTO USER1.DOCTOR (DOC_ID, NAME, DESCRIPTION, NUMBER, HOURS) VALUES ('00000000-0000-0000-0000-000000000194', 'Smith, Colleen', 'NP', '', '8:00 - 4:00');
INSERT INTO USER1.DOCTOR (DOC_ID, NAME, DESCRIPTION, NUMBER, HOURS) VALUES ('00000000-0000-0000-0000-000000000195', 'Cotter, Lindsay', 'LICSW', '', '2:00 - 12:00');
INSERT INTO USER1.DOCTOR (DOC_ID, NAME, DESCRIPTION, NUMBER, HOURS) VALUES ('00000000-0000-0000-0000-000000000196', 'Tunick, Mitchell', 'MD', '', '12:00 - 8:00');
INSERT INTO USER1.DOCTOR (DOC_ID, NAME, DESCRIPTION, NUMBER, HOURS) VALUES ('00000000-0000-0000-0000-000000000197', 'Lilienfeld, Armin', 'MD', '', '9:00 - 5:00');
INSERT INTO USER1.DOCTOR (DOC_ID, NAME, DESCRIPTION, NUMBER, HOURS) VALUES ('00000000-0000-0000-0000-000000000198', 'Dominici, Laura', 'MD', '', '5:00 - 1:00');
INSERT INTO USER1.DOCTOR (DOC_ID, NAME, DESCRIPTION, NUMBER, HOURS) VALUES ('00000000-0000-0000-0000-000000000199', 'Nakhlis, Faina', 'MD', '', '5:30 - 4:00');
INSERT INTO USER1.DOCTOR (DOC_ID, NAME, DESCRIPTION, NUMBER, HOURS) VALUES ('00000000-0000-0000-0000-000000000200', 'Kathrins, Martin', 'MD', '', '10:00 - 7:00');
INSERT INTO USER1.DOCTOR (DOC_ID, NAME, DESCRIPTION, NUMBER, HOURS) VALUES ('00000000-0000-0000-0000-000000000201', 'Andromalos, Laura', 'RD, LDN', '', '5:00 - 1:00');
INSERT INTO USER1.DOCTOR (DOC_ID, NAME, DESCRIPTION, NUMBER, HOURS) VALUES ('00000000-0000-0000-0000-000000000202', 'Hajj, Micheline', 'RN', '', '1:00 - 11:00');
INSERT INTO USER1.DOCTOR (DOC_ID, NAME, DESCRIPTION, NUMBER, HOURS) VALUES ('00000000-0000-0000-0000-000000000203', 'Zampini, Jay', 'MD', '', '7:00 - 3:00');
INSERT INTO USER1.DOCTOR (DOC_ID, NAME, DESCRIPTION, NUMBER, HOURS) VALUES ('00000000-0000-0000-0000-000000000204', 'Tavakkoli, Ali', 'MD', '', '8:00 - 4:00');
INSERT INTO USER1.DOCTOR (DOC_ID, NAME, DESCRIPTION, NUMBER, HOURS) VALUES ('00000000-0000-0000-0000-000000000205', 'Schueler, Leila', 'MD', '', '10:00 - 7:00');
INSERT INTO USER1.DOCTOR (DOC_ID, NAME, DESCRIPTION, NUMBER, HOURS) VALUES ('00000000-0000-0000-0000-000000000206', 'Kenney, Pardon', 'MD', '', '9:00 - 5:00');
INSERT INTO USER1.DOCTOR (DOC_ID, NAME, DESCRIPTION, NUMBER, HOURS) VALUES ('00000000-0000-0000-0000-000000000207', 'Reil, Erin', 'RD, LDN', '', '5:00 - 1:00');
INSERT INTO USER1.DOCTOR (DOC_ID, NAME, DESCRIPTION, NUMBER, HOURS) VALUES ('00000000-0000-0000-0000-000000000208', 'Loder, Elizabeth', 'MD', '', '1:00 - 11:00');
INSERT INTO USER1.DOCTOR (DOC_ID, NAME, DESCRIPTION, NUMBER, HOURS) VALUES ('00000000-0000-0000-0000-000000000209', 'Weisholtz, Daniel', 'MD', '', '12:00 - 8:00');
INSERT INTO USER1.DOCTOR (DOC_ID, NAME, DESCRIPTION, NUMBER, HOURS) VALUES ('00000000-0000-0000-0000-000000000210', 'Chahal, Katie', 'PA-C', '', '11:30 - 7:30');
INSERT INTO USER1.DOCTOR (DOC_ID, NAME, DESCRIPTION, NUMBER, HOURS) VALUES ('00000000-0000-0000-0000-000000000211', 'Dyer, George', 'MD', '', '8:00 - 4:00');
INSERT INTO USER1.DOCTOR (DOC_ID, NAME, DESCRIPTION, NUMBER, HOURS) VALUES ('00000000-0000-0000-0000-000000000212', 'Wellman, David', 'MD', '', '10:00 - 7:00');
INSERT INTO USER1.DOCTOR (DOC_ID, NAME, DESCRIPTION, NUMBER, HOURS) VALUES ('00000000-0000-0000-0000-000000000213', 'Matwin, Sonia', 'PhD', '', '2:00 - 12:00');
INSERT INTO USER1.DOCTOR (DOC_ID, NAME, DESCRIPTION, NUMBER, HOURS) VALUES ('00000000-0000-0000-0000-000000000214', 'Barbie, Thanh', 'MD', '', '1:00 - 11:00');
INSERT INTO USER1.DOCTOR (DOC_ID, NAME, DESCRIPTION, NUMBER, HOURS) VALUES ('00000000-0000-0000-0000-000000000215', 'Vardeh, Daniel', 'MD', '', '1:00 - 11:00');
INSERT INTO USER1.DOCTOR (DOC_ID, NAME, DESCRIPTION, NUMBER, HOURS) VALUES ('00000000-0000-0000-0000-000000000216', 'Mutinga, Muthoka', 'MD', '', '3:00 - 11:00');
INSERT INTO USER1.DOCTOR (DOC_ID, NAME, DESCRIPTION, NUMBER, HOURS) VALUES ('00000000-0000-0000-0000-000000000217', 'Pariser, Kenneth', 'MD', '', '2:00 - 12:00');
INSERT INTO USER1.DOCTOR (DOC_ID, NAME, DESCRIPTION, NUMBER, HOURS) VALUES ('00000000-0000-0000-0000-000000000218', 'Budhiraja, Rohit', 'MD', '', '5:00 - 1:00');
INSERT INTO USER1.DOCTOR (DOC_ID, NAME, DESCRIPTION, NUMBER, HOURS) VALUES ('00000000-0000-0000-0000-000000000219', 'Mariano, Timothy', 'MD', '', '7:30 - 4:30');
INSERT INTO USER1.DOCTOR (DOC_ID, NAME, DESCRIPTION, NUMBER, HOURS) VALUES ('00000000-0000-0000-0000-000000000220', 'OLeary, Michael', 'MD', '', '7:30 - 4:30');
INSERT INTO USER1.DOCTOR (DOC_ID, NAME, DESCRIPTION, NUMBER, HOURS) VALUES ('00000000-0000-0000-0000-000000000221', 'Hoover, Paul', 'MD, PhD', '', '3:00 - 11:00');
INSERT INTO USER1.DOCTOR (DOC_ID, NAME, DESCRIPTION, NUMBER, HOURS) VALUES ('00000000-0000-0000-0000-000000000222', 'Lo, Amy', 'MD', '', '12:00 - 8:00');
INSERT INTO USER1.DOCTOR (DOC_ID, NAME, DESCRIPTION, NUMBER, HOURS) VALUES ('00000000-0000-0000-0000-000000000223', 'Mason, William', 'MD', '', '5:00 - 1:00');
INSERT INTO USER1.DOCTOR (DOC_ID, NAME, DESCRIPTION, NUMBER, HOURS) VALUES ('00000000-0000-0000-0000-000000000224', 'Sampson, Christian', 'MD', '', '2:00 - 12:00');
INSERT INTO USER1.DOCTOR (DOC_ID, NAME, DESCRIPTION, NUMBER, HOURS) VALUES ('00000000-0000-0000-0000-000000000225', 'Morrison-Ma, Samantha', 'NP', '', '2:00 - 12:00');
INSERT INTO USER1.DOCTOR (DOC_ID, NAME, DESCRIPTION, NUMBER, HOURS) VALUES ('00000000-0000-0000-0000-000000000226', 'Oliveira, Nancy', 'MS, RDN, LDN', '', '5:00 - 1:00');
INSERT INTO USER1.DOCTOR (DOC_ID, NAME, DESCRIPTION, NUMBER, HOURS) VALUES ('00000000-0000-0000-0000-000000000227', 'Bonaca, Marc', 'MD', '', '2:00 - 12:00');
INSERT INTO USER1.DOCTOR (DOC_ID, NAME, DESCRIPTION, NUMBER, HOURS) VALUES ('00000000-0000-0000-0000-000000000228', 'Smith, Jeremy', 'MD', '', '3:00 - 11:00');
INSERT INTO USER1.DOCTOR (DOC_ID, NAME, DESCRIPTION, NUMBER, HOURS) VALUES ('00000000-0000-0000-0000-000000000229', 'Bono, Christopher', 'MD', '', '8:00 - 4:00');
INSERT INTO USER1.DOCTOR (DOC_ID, NAME, DESCRIPTION, NUMBER, HOURS) VALUES ('00000000-0000-0000-0000-000000000230', 'Johnsen, Jami', 'MD', '', '8:00 - 4:00');
INSERT INTO USER1.DOCTOR (DOC_ID, NAME, DESCRIPTION, NUMBER, HOURS) VALUES ('00000000-0000-0000-0000-000000000231', 'DAmbrosio, Carolyn', 'MD', '', '3:00 - 11:00');
INSERT INTO USER1.DOCTOR (DOC_ID, NAME, DESCRIPTION, NUMBER, HOURS) VALUES ('00000000-0000-0000-0000-000000000232', 'Rodriguez, Claudia', 'MD', '', '3:30 - 10:30');
INSERT INTO USER1.DOCTOR (DOC_ID, NAME, DESCRIPTION, NUMBER, HOURS) VALUES ('00000000-0000-0000-0000-000000000233', 'Sheu, Eric', 'MD', '', '5:00 - 1:00');
INSERT INTO USER1.DOCTOR (DOC_ID, NAME, DESCRIPTION, NUMBER, HOURS) VALUES ('00000000-0000-0000-0000-000000000234', 'Stephens, Kelly', 'MD', '', '8:00 - 4:00');
INSERT INTO USER1.DOCTOR (DOC_ID, NAME, DESCRIPTION, NUMBER, HOURS) VALUES ('00000000-0000-0000-0000-000000000235', 'McGowan, Katherine', 'MD', '', '6:00 - 2:00');
INSERT INTO USER1.DOCTOR (DOC_ID, NAME, DESCRIPTION, NUMBER, HOURS) VALUES ('00000000-0000-0000-0000-000000000236', 'Schoenfeld, Paul', 'MD', '', '1:00 - 11:00');
INSERT INTO USER1.DOCTOR (DOC_ID, NAME, DESCRIPTION, NUMBER, HOURS) VALUES ('00000000-0000-0000-0000-000000000237', 'Stevens, Erin', 'LICSW', '', '5:30 - 4:00');
INSERT INTO USER1.DOCTOR (DOC_ID, NAME, DESCRIPTION, NUMBER, HOURS) VALUES ('00000000-0000-0000-0000-000000000238', 'Stewart, Carl', 'MEd, LADC I', '', '9:00 - 5:00');
INSERT INTO USER1.DOCTOR (DOC_ID, NAME, DESCRIPTION, NUMBER, HOURS) VALUES ('00000000-0000-0000-0000-000000000239', 'Ariagno, Megan', 'RD, LDN', '', '6:00 - 2:00');
INSERT INTO USER1.DOCTOR (DOC_ID, NAME, DESCRIPTION, NUMBER, HOURS) VALUES ('00000000-0000-0000-0000-000000000240', 'Chiodo, Christopher', 'MD', '', '12:00 - 9:00');
INSERT INTO USER1.DOCTOR (DOC_ID, NAME, DESCRIPTION, NUMBER, HOURS) VALUES ('00000000-0000-0000-0000-000000000241', 'Ruiz, Emily', 'MD', '', '10:00 - 7:00');
INSERT INTO USER1.DOCTOR (DOC_ID, NAME, DESCRIPTION, NUMBER, HOURS) VALUES ('00000000-0000-0000-0000-000000000242', 'Burch, Rebecca', 'MD', '', '7:00 - 3:00');
INSERT INTO USER1.DOCTOR (DOC_ID, NAME, DESCRIPTION, NUMBER, HOURS) VALUES ('00000000-0000-0000-0000-000000000243', 'Hsu, Joyce', 'MD', '', '1:00 - 11:00');
INSERT INTO USER1.FLOOR (FLOOR_ID, BUILDING_ID, NUMBER, IMAGE) VALUES ('Faulkner3', 2, 3, '3_thethirdfloor.png');
INSERT INTO USER1.FLOOR (FLOOR_ID, BUILDING_ID, NUMBER, IMAGE) VALUES ('Faulkner3', 1, 3, '3_thethirdfloor.png');
INSERT INTO USER1.FLOOR (FLOOR_ID, BUILDING_ID, NUMBER, IMAGE) VALUES ('Faulkner5', 1, 5, '5_thefifthfloor.png');
INSERT INTO USER1.FLOOR (FLOOR_ID, BUILDING_ID, NUMBER, IMAGE) VALUES ('Faulkner4', 1, 4, '4_thefourthfloor.png');
INSERT INTO USER1.FLOOR (FLOOR_ID, BUILDING_ID, NUMBER, IMAGE) VALUES ('Faulkner1', 1, 1, '1_thefirstfloor.png');
INSERT INTO USER1.FLOOR (FLOOR_ID, BUILDING_ID, NUMBER, IMAGE) VALUES ('Faulkner2', 1, 2, '2_thesecondfloor.png');
INSERT INTO USER1.NODE (NODE_ID, POSX, POSY, FLOOR_ID, TYPE) VALUES ('3964b0ac-dad5-46e9-bce1-994fc3fc29d1', 1157.5, 903.5, 'Faulkner3', 0);
INSERT INTO USER1.NODE (NODE_ID, POSX, POSY, FLOOR_ID, TYPE) VALUES ('a5da2291-b38f-4b93-9f2b-1a2a3cd752fc', 1155.5, 701.5, 'Faulkner3', 0);
INSERT INTO USER1.NODE (NODE_ID, POSX, POSY, FLOOR_ID, TYPE) VALUES ('94247298-e320-495d-9d37-5cf220f5cb3f', 1137.5, 708.5, 'Faulkner3', 0);
INSERT INTO USER1.NODE (NODE_ID, POSX, POSY, FLOOR_ID, TYPE) VALUES ('3b544643-90b7-4565-8128-9ce92e66e33c', 1108.5, 718.5, 'Faulkner3', 0);
INSERT INTO USER1.NODE (NODE_ID, POSX, POSY, FLOOR_ID, TYPE) VALUES ('58bb4ada-9200-4bed-9633-d3f566d89d0b', 1136.5, 617.5, 'Faulkner3', 0);
INSERT INTO USER1.NODE (NODE_ID, POSX, POSY, FLOOR_ID, TYPE) VALUES ('f220cce2-3295-45ae-b70f-ef3e8e268828', 1156.5, 617.5, 'Faulkner3', 0);
INSERT INTO USER1.NODE (NODE_ID, POSX, POSY, FLOOR_ID, TYPE) VALUES ('9b551bc5-3b58-4f53-8617-e302ee3f4766', 1156.5, 524.5, 'Faulkner3', 0);
INSERT INTO USER1.NODE (NODE_ID, POSX, POSY, FLOOR_ID, TYPE) VALUES ('791a4514-8620-4ec0-8fd5-1a307876e370', 1157.5, 579.5, 'Faulkner3', 0);
INSERT INTO USER1.NODE (NODE_ID, POSX, POSY, FLOOR_ID, TYPE) VALUES ('923376c6-8610-43a3-a147-2909cb60206e', 1154.5, 501.5, 'Faulkner3', 5);
INSERT INTO USER1.NODE (NODE_ID, POSX, POSY, FLOOR_ID, TYPE) VALUES ('0e6c8a9a-2e39-4cbd-ac04-dd3e0a33a68f', 1208.5, 699.5, 'Faulkner3', 3);
INSERT INTO USER1.NODE (NODE_ID, POSX, POSY, FLOOR_ID, TYPE) VALUES ('a1f5267a-d0a0-4f61-8ce7-dfdcc697d49e', 1107.5, 758.5, 'Faulkner3', 1);
INSERT INTO USER1.NODE (NODE_ID, POSX, POSY, FLOOR_ID, TYPE) VALUES ('c0cb7b84-ab2a-4ceb-bdc0-dc95967d6ac4', 1159.5, 775.5, 'Faulkner1', 0);
INSERT INTO USER1.NODE (NODE_ID, POSX, POSY, FLOOR_ID, TYPE) VALUES ('1e41a060-926c-4840-a437-e72ed2aecc26', 1158.5, 635.5, 'Faulkner1', 0);
INSERT INTO USER1.NODE (NODE_ID, POSX, POSY, FLOOR_ID, TYPE) VALUES ('b97cd76f-0f47-409c-87b2-d5bf6359085b', 1226.5, 636.5, 'Faulkner1', 4);
INSERT INTO USER1.NODE (NODE_ID, POSX, POSY, FLOOR_ID, TYPE) VALUES ('cd39313d-8d31-4922-ab26-d2da904adfb8', 1066.5, 632.5, 'Faulkner1', 5);
INSERT INTO USER1.NODE (NODE_ID, POSX, POSY, FLOOR_ID, TYPE) VALUES ('9a204632-45e8-4989-bed2-e472cc663ebc', 1013.5, 777.5, 'Faulkner1', 0);
INSERT INTO USER1.NODE (NODE_ID, POSX, POSY, FLOOR_ID, TYPE) VALUES ('363439ff-099b-4b7a-b520-b43dac9ca671', 1157.5, 581.5, 'Faulkner1', 5);
INSERT INTO USER1.NODE (NODE_ID, POSX, POSY, FLOOR_ID, TYPE) VALUES ('d10b92db-8d4b-4a32-a4ba-fd663ebcf9c5', 1158.5, 580.5, 'Faulkner2', 5);
INSERT INTO USER1.NODE (NODE_ID, POSX, POSY, FLOOR_ID, TYPE) VALUES ('21ebc4fb-53ed-45c5-9653-653669e4cecd', 1158.5, 613.5, 'Faulkner2', 0);
INSERT INTO USER1.NODE (NODE_ID, POSX, POSY, FLOOR_ID, TYPE) VALUES ('a59c0fdb-5b83-4cca-a35c-37032730df22', 1202.5, 615.5, 'Faulkner2', 0);
INSERT INTO USER1.NODE (NODE_ID, POSX, POSY, FLOOR_ID, TYPE) VALUES ('c7c2c883-586a-4d74-8839-8e122d5590eb', 1201.5, 628.5, 'Faulkner2', 0);
INSERT INTO USER1.NODE (NODE_ID, POSX, POSY, FLOOR_ID, TYPE) VALUES ('9a41122c-81ba-4b83-9217-78b1c3e8336f', 1240.5, 626.5, 'Faulkner2', 0);
INSERT INTO USER1.NODE (NODE_ID, POSX, POSY, FLOOR_ID, TYPE) VALUES ('b664ea12-40ef-4173-835f-337d0f95520b', 1243.5, 799.5, 'Faulkner2', 0);
INSERT INTO USER1.NODE (NODE_ID, POSX, POSY, FLOOR_ID, TYPE) VALUES ('e7666df6-63ed-4ff9-b66a-4235c4a089fd', 1271.5, 799.5, 'Faulkner2', 5);
INSERT INTO USER1.EDGE (EDGE_ID, NODEA, NODEB, COST, FLOOR_ID) VALUES (1, '3964b0ac-dad5-46e9-bce1-994fc3fc29d1', 'a5da2291-b38f-4b93-9f2b-1a2a3cd752fc', 202.00990074746338, 'Faulkner3');
INSERT INTO USER1.EDGE (EDGE_ID, NODEA, NODEB, COST, FLOOR_ID) VALUES (2, 'a5da2291-b38f-4b93-9f2b-1a2a3cd752fc', '94247298-e320-495d-9d37-5cf220f5cb3f', 19.313207915827967, 'Faulkner3');
INSERT INTO USER1.EDGE (EDGE_ID, NODEA, NODEB, COST, FLOOR_ID) VALUES (3, '94247298-e320-495d-9d37-5cf220f5cb3f', '3b544643-90b7-4565-8128-9ce92e66e33c', 30.675723300355934, 'Faulkner3');
INSERT INTO USER1.EDGE (EDGE_ID, NODEA, NODEB, COST, FLOOR_ID) VALUES (4, '3b544643-90b7-4565-8128-9ce92e66e33c', 'a1f5267a-d0a0-4f61-8ce7-dfdcc697d49e', 40.01249804748511, 'Faulkner3');
INSERT INTO USER1.EDGE (EDGE_ID, NODEA, NODEB, COST, FLOOR_ID) VALUES (5, 'a5da2291-b38f-4b93-9f2b-1a2a3cd752fc', '0e6c8a9a-2e39-4cbd-ac04-dd3e0a33a68f', 53.03772242470448, 'Faulkner3');
INSERT INTO USER1.EDGE (EDGE_ID, NODEA, NODEB, COST, FLOOR_ID) VALUES (6, '94247298-e320-495d-9d37-5cf220f5cb3f', '58bb4ada-9200-4bed-9633-d3f566d89d0b', 91.00549433962765, 'Faulkner3');
INSERT INTO USER1.EDGE (EDGE_ID, NODEA, NODEB, COST, FLOOR_ID) VALUES (7, '58bb4ada-9200-4bed-9633-d3f566d89d0b', 'f220cce2-3295-45ae-b70f-ef3e8e268828', 20, 'Faulkner3');
INSERT INTO USER1.EDGE (EDGE_ID, NODEA, NODEB, COST, FLOOR_ID) VALUES (8, 'f220cce2-3295-45ae-b70f-ef3e8e268828', '791a4514-8620-4ec0-8fd5-1a307876e370', 38.01315561749642, 'Faulkner3');
INSERT INTO USER1.EDGE (EDGE_ID, NODEA, NODEB, COST, FLOOR_ID) VALUES (9, '791a4514-8620-4ec0-8fd5-1a307876e370', '9b551bc5-3b58-4f53-8617-e302ee3f4766', 55.00909015790027, 'Faulkner3');
INSERT INTO USER1.EDGE (EDGE_ID, NODEA, NODEB, COST, FLOOR_ID) VALUES (10, '9b551bc5-3b58-4f53-8617-e302ee3f4766', '923376c6-8610-43a3-a147-2909cb60206e', 23.08679276123039, 'Faulkner3');
INSERT INTO USER1.EDGE (EDGE_ID, NODEA, NODEB, COST, FLOOR_ID) VALUES (11, '9a204632-45e8-4989-bed2-e472cc663ebc', 'c0cb7b84-ab2a-4ceb-bdc0-dc95967d6ac4', 640.3393631505095, 'Faulkner1');
INSERT INTO USER1.EDGE (EDGE_ID, NODEA, NODEB, COST, FLOOR_ID) VALUES (12, 'c0cb7b84-ab2a-4ceb-bdc0-dc95967d6ac4', '1e41a060-926c-4840-a437-e72ed2aecc26', 144.05554484295286, 'Faulkner1');
INSERT INTO USER1.EDGE (EDGE_ID, NODEA, NODEB, COST, FLOOR_ID) VALUES (13, '1e41a060-926c-4840-a437-e72ed2aecc26', 'b97cd76f-0f47-409c-87b2-d5bf6359085b', 819.6904903681633, 'Faulkner1');
INSERT INTO USER1.EDGE (EDGE_ID, NODEA, NODEB, COST, FLOOR_ID) VALUES (14, '1e41a060-926c-4840-a437-e72ed2aecc26', 'cd39313d-8d31-4922-ab26-d2da904adfb8', 679.9238927997751, 'Faulkner1');
INSERT INTO USER1.EDGE (EDGE_ID, NODEA, NODEB, COST, FLOOR_ID) VALUES (15, '363439ff-099b-4b7a-b520-b43dac9ca671', '1e41a060-926c-4840-a437-e72ed2aecc26', 733.208360563353, 'Faulkner1');
INSERT INTO USER1.EDGE (EDGE_ID, NODEA, NODEB, COST, FLOOR_ID) VALUES (16, 'd10b92db-8d4b-4a32-a4ba-fd663ebcf9c5', '21ebc4fb-53ed-45c5-9653-653669e4cecd', 583.4230883329867, 'Faulkner2');
INSERT INTO USER1.EDGE (EDGE_ID, NODEA, NODEB, COST, FLOOR_ID) VALUES (17, '21ebc4fb-53ed-45c5-9653-653669e4cecd', 'c7c2c883-586a-4d74-8839-8e122d5590eb', 47.01063709417264, 'Faulkner2');
INSERT INTO USER1.EDGE (EDGE_ID, NODEA, NODEB, COST, FLOOR_ID) VALUES (18, '21ebc4fb-53ed-45c5-9653-653669e4cecd', 'c7c2c883-586a-4d74-8839-8e122d5590eb', 47.01063709417264, 'Faulkner2');
INSERT INTO USER1.EDGE (EDGE_ID, NODEA, NODEB, COST, FLOOR_ID) VALUES (19, '21ebc4fb-53ed-45c5-9653-653669e4cecd', 'a59c0fdb-5b83-4cca-a35c-37032730df22', 43.289721643826724, 'Faulkner2');
INSERT INTO USER1.EDGE (EDGE_ID, NODEA, NODEB, COST, FLOOR_ID) VALUES (20, 'a59c0fdb-5b83-4cca-a35c-37032730df22', 'c7c2c883-586a-4d74-8839-8e122d5590eb', 14, 'Faulkner2');
INSERT INTO USER1.EDGE (EDGE_ID, NODEA, NODEB, COST, FLOOR_ID) VALUES (21, 'c7c2c883-586a-4d74-8839-8e122d5590eb', '9a41122c-81ba-4b83-9217-78b1c3e8336f', 630.7158631269709, 'Faulkner2');
INSERT INTO USER1.EDGE (EDGE_ID, NODEA, NODEB, COST, FLOOR_ID) VALUES (22, '9a41122c-81ba-4b83-9217-78b1c3e8336f', 'b664ea12-40ef-4173-835f-337d0f95520b', 173.02600960549256, 'Faulkner2');
INSERT INTO USER1.EDGE (EDGE_ID, NODEA, NODEB, COST, FLOOR_ID) VALUES (23, 'b664ea12-40ef-4173-835f-337d0f95520b', 'e7666df6-63ed-4ff9-b66a-4235c4a089fd', 28, 'Faulkner2');