DROP TABLE USER1.DEST_DOC;
DROP TABLE USER1.EDGE;
DROP TABLE USER1.OFFICES;
DROP TABLE USER1.DOCTOR;
DROP TABLE USER1.DESTINATION;
DROP TABLE USER1.NODE;
DROP TABLE USER1.FLOOR;
DROP TABLE USER1.BUILDING;

CREATE TABLE BUILDING
(
  BUILDING_ID INT PRIMARY KEY NOT NULL,
  NAME VARCHAR(100)
);

CREATE TABLE DOCTOR
(
  DOC_ID CHAR(36) PRIMARY KEY NOT NULL,
  NAME VARCHAR(50),
  DESCRIPTION VARCHAR(20),
  NUMBER VARCHAR(20),
  HOURS VARCHAR(20)
);

CREATE TABLE FLOOR
(
  FLOOR_ID VARCHAR(25) PRIMARY KEY NOT NULL,
  BUILDING_ID INT,
  NUMBER INT,
  IMAGE VARCHAR(75),
  CONSTRAINT FLOOR_BUILDING_BUILDING_ID_FK FOREIGN KEY (BUILDING_ID) REFERENCES BUILDING (BUILDING_ID)
);

CREATE TABLE NODE
(
  NODE_ID CHAR(36) PRIMARY KEY NOT NULL,
  POSX FLOAT(52),
  POSY FLOAT(52),
  FLOOR_ID VARCHAR(25),
  TYPE INT,
  CONSTRAINT NODE_FLOOR_FLOOR_ID_FK FOREIGN KEY (FLOOR_ID) REFERENCES FLOOR (FLOOR_ID)
);

CREATE TABLE EDGE
(
  EDGE_ID INT PRIMARY KEY NOT NULL,
  NODEA CHAR(36),
  NODEB CHAR(36),
  COST FLOAT(52),
  FLOOR_ID VARCHAR(25),
  CONSTRAINT EDGE_NODE_NODE_ID_FKA FOREIGN KEY (NODEA) REFERENCES NODE (NODE_ID),
  CONSTRAINT EDGE_NODE_NODE_ID_FKB FOREIGN KEY (NODEB) REFERENCES NODE (NODE_ID),
  CONSTRAINT EDGE_FLOOR_FLOOR_ID_FK FOREIGN KEY (FLOOR_ID) REFERENCES FLOOR (FLOOR_ID)
);

CREATE TABLE DESTINATION
(
  DEST_ID CHAR(36) PRIMARY KEY NOT NULL,
  NAME VARCHAR(200),
  NODE_ID CHAR(36),
  FLOOR_ID VARCHAR(25),
  CONSTRAINT DESTINATION_NODE_NODE_ID_FK FOREIGN KEY (NODE_ID) REFERENCES NODE (NODE_ID),
  CONSTRAINT DESTINATION_FLOOR_FLOOR_ID_FK FOREIGN KEY (FLOOR_ID) REFERENCES FLOOR (FLOOR_ID)
);

CREATE TABLE OFFICES
(
  OFFICE_ID CHAR(36) PRIMARY KEY NOT NULL,
  NAME VARCHAR(200),
  DEST_ID CHAR(36),
  CONSTRAINT OFFICES_DESTINATION_DESTINATION_ID_FK FOREIGN KEY (DEST_ID) REFERENCES DESTINATION (DEST_ID)
);

CREATE TABLE DEST_DOC
(
  DEST_ID CHAR(36),
  DOC_ID CHAR(36),
  CONSTRAINT DESTINATION_DOC_DESTINATION_DESTINATION_ID_FK1 FOREIGN KEY (DEST_ID) REFERENCES DESTINATION (DEST_ID),
  CONSTRAINT DESTINATION_DOC_DOCTOR_DOCTOR_ID_FK2 FOREIGN KEY (DOC_ID) REFERENCES DOCTOR (DOC_ID)
);


INSERT INTO USER1.BUILDING (BUILDING_ID, NAME) VALUES (2, 'Faulkner');
INSERT INTO USER1.DOCTOR (DOC_ID, NAME, DESCRIPTION, NUMBER, HOURS) VALUES ('00000000-0000-0000-0000-000000000001', 'Bachman, William', 'MD', '', '3:30 - 10:30');
INSERT INTO USER1.DOCTOR (DOC_ID, NAME, DESCRIPTION, NUMBER, HOURS) VALUES ('00000000-0000-0000-0000-000000000002', 'Epstein, Lawrence', 'MD', '', '7:00 - 3:00');
INSERT INTO USER1.DOCTOR (DOC_ID, NAME, DESCRIPTION, NUMBER, HOURS) VALUES ('00000000-0000-0000-0000-000000000003', 'Stacks, Robert', 'MD', '', '12:00 - 8:00');
INSERT INTO USER1.DOCTOR (DOC_ID, NAME, DESCRIPTION, NUMBER, HOURS) VALUES ('00000000-0000-0000-0000-000000000004', 'Healy, Barbara', 'RN', '', '5:00 - 1:00');
INSERT INTO USER1.DOCTOR (DOC_ID, NAME, DESCRIPTION, NUMBER, HOURS) VALUES ('00000000-0000-0000-0000-000000000005', 'Morrison, Beverly', 'MD', '', '10:00 - 7:00');
INSERT INTO USER1.DOCTOR (DOC_ID, NAME, DESCRIPTION, NUMBER, HOURS) VALUES ('00000000-0000-0000-0000-000000000006', 'Monaghan, Colleen', 'MD', '', '5:00 - 1:00');
INSERT INTO USER1.DOCTOR (DOC_ID, NAME, DESCRIPTION, NUMBER, HOURS) VALUES ('00000000-0000-0000-0000-000000000007', 'Malone, Linda', 'DNP, RN, CPNP', '', '2:00 - 12:00');
INSERT INTO USER1.DOCTOR (DOC_ID, NAME, DESCRIPTION, NUMBER, HOURS) VALUES ('00000000-0000-0000-0000-000000000008', 'Hinton, Nadia', 'RDN, LDN', '', '2:00 - 12:00');
INSERT INTO USER1.DOCTOR (DOC_ID, NAME, DESCRIPTION, NUMBER, HOURS) VALUES ('00000000-0000-0000-0000-000000000009', 'Quan, Stuart', 'MD', '', '2:00 - 12:00');
INSERT INTO USER1.DOCTOR (DOC_ID, NAME, DESCRIPTION, NUMBER, HOURS) VALUES ('00000000-0000-0000-0000-000000000010', 'Savage, Robert', 'MD', '', '8:00 - 4:00');
INSERT INTO USER1.DOCTOR (DOC_ID, NAME, DESCRIPTION, NUMBER, HOURS) VALUES ('00000000-0000-0000-0000-000000000011', 'Walsh Samp, Kathy', 'LICSW', '', '8:00 - 4:00');
INSERT INTO USER1.DOCTOR (DOC_ID, NAME, DESCRIPTION, NUMBER, HOURS) VALUES ('00000000-0000-0000-0000-000000000012', 'Fitz, Wolfgang', 'MD', '', '6:00 - 2:00');
INSERT INTO USER1.DOCTOR (DOC_ID, NAME, DESCRIPTION, NUMBER, HOURS) VALUES ('00000000-0000-0000-0000-000000000013', 'Kleifield, Allison', 'PA-C', '', '5:00 - 1:00');
INSERT INTO USER1.DOCTOR (DOC_ID, NAME, DESCRIPTION, NUMBER, HOURS) VALUES ('00000000-0000-0000-0000-000000000014', 'Pilgrim, David', 'MD', '', '8:00 - 4:00');
INSERT INTO USER1.DOCTOR (DOC_ID, NAME, DESCRIPTION, NUMBER, HOURS) VALUES ('00000000-0000-0000-0000-000000000015', 'Davidson, Paul', 'PhD', '', '3:00 - 11:00');
INSERT INTO USER1.DOCTOR (DOC_ID, NAME, DESCRIPTION, NUMBER, HOURS) VALUES ('00000000-0000-0000-0000-000000000016', 'Smith, Shannon', 'MD', '', '5:00 - 1:00');
INSERT INTO USER1.DOCTOR (DOC_ID, NAME, DESCRIPTION, NUMBER, HOURS) VALUES ('00000000-0000-0000-0000-000000000017', 'Jeselsohn, Rinath', 'MD', '', '2:00 - 12:00');
INSERT INTO USER1.DOCTOR (DOC_ID, NAME, DESCRIPTION, NUMBER, HOURS) VALUES ('00000000-0000-0000-0000-000000000018', 'Lahair, Tracy', 'PA-C', '', '3:30 - 10:30');
INSERT INTO USER1.DOCTOR (DOC_ID, NAME, DESCRIPTION, NUMBER, HOURS) VALUES ('00000000-0000-0000-0000-000000000019', 'Irani, Jennifer', 'MD', '', '3:00 - 11:00');
INSERT INTO USER1.DOCTOR (DOC_ID, NAME, DESCRIPTION, NUMBER, HOURS) VALUES ('00000000-0000-0000-0000-000000000020', 'Earp, Brandon', 'MD', '', '3:00 - 11:00');
INSERT INTO USER1.DOCTOR (DOC_ID, NAME, DESCRIPTION, NUMBER, HOURS) VALUES ('00000000-0000-0000-0000-000000000021', 'Robinson, Malcolm', 'MD', '', '6:00 - 2:00');
INSERT INTO USER1.DOCTOR (DOC_ID, NAME, DESCRIPTION, NUMBER, HOURS) VALUES ('00000000-0000-0000-0000-000000000022', 'Matzkin, Elizabeth', 'MD', '', '8:00 - 4:00');
INSERT INTO USER1.DOCTOR (DOC_ID, NAME, DESCRIPTION, NUMBER, HOURS) VALUES ('00000000-0000-0000-0000-000000000023', 'Alqueza, Arnold', 'MD', '', '8:00 - 4:00');
INSERT INTO USER1.DOCTOR (DOC_ID, NAME, DESCRIPTION, NUMBER, HOURS) VALUES ('00000000-0000-0000-0000-000000000024', 'Hergrueter, Charles', 'MD', '', '1:00 - 11:00');
INSERT INTO USER1.DOCTOR (DOC_ID, NAME, DESCRIPTION, NUMBER, HOURS) VALUES ('00000000-0000-0000-0000-000000000025', 'Higgins, Laurence', 'MD', '', '10:00 - 7:00');
INSERT INTO USER1.DOCTOR (DOC_ID, NAME, DESCRIPTION, NUMBER, HOURS) VALUES ('00000000-0000-0000-0000-000000000026', 'Lauretti, Linda', 'MD', '', '2:00 - 12:00');
INSERT INTO USER1.DOCTOR (DOC_ID, NAME, DESCRIPTION, NUMBER, HOURS) VALUES ('00000000-0000-0000-0000-000000000027', 'Mathew, Paul', 'MD', '', '5:30 - 4:00');
INSERT INTO USER1.DOCTOR (DOC_ID, NAME, DESCRIPTION, NUMBER, HOURS) VALUES ('00000000-0000-0000-0000-000000000028', 'Wickner, Paige', 'MD', '', '5:00 - 1:00');
INSERT INTO USER1.DOCTOR (DOC_ID, NAME, DESCRIPTION, NUMBER, HOURS) VALUES ('00000000-0000-0000-0000-000000000029', 'Bluman, Eric', 'MD', '', '1:00 - 11:00');
INSERT INTO USER1.DOCTOR (DOC_ID, NAME, DESCRIPTION, NUMBER, HOURS) VALUES ('00000000-0000-0000-0000-000000000030', 'Lilly, Leonard Stuart', 'MD', '', '3:30 - 10:30');
INSERT INTO USER1.DOCTOR (DOC_ID, NAME, DESCRIPTION, NUMBER, HOURS) VALUES ('00000000-0000-0000-0000-000000000031', 'Groden, Joseph', 'MD', '', '3:00 - 11:00');
INSERT INTO USER1.DOCTOR (DOC_ID, NAME, DESCRIPTION, NUMBER, HOURS) VALUES ('00000000-0000-0000-0000-000000000032', 'Kornack, Fulton', 'MD', '', '7:00 - 3:00');
INSERT INTO USER1.DOCTOR (DOC_ID, NAME, DESCRIPTION, NUMBER, HOURS) VALUES ('00000000-0000-0000-0000-000000000033', 'Owens, Lisa Michelle', 'MD', '', '12:00 - 8:00');
INSERT INTO USER1.DOCTOR (DOC_ID, NAME, DESCRIPTION, NUMBER, HOURS) VALUES ('00000000-0000-0000-0000-000000000034', 'Javaheri, Sogol', 'MD', '', '7:00 - 3:00');
INSERT INTO USER1.DOCTOR (DOC_ID, NAME, DESCRIPTION, NUMBER, HOURS) VALUES ('00000000-0000-0000-0000-000000000035', 'OHare, Kitty', 'MD', '', '7:00 - 3:00');
INSERT INTO USER1.DOCTOR (DOC_ID, NAME, DESCRIPTION, NUMBER, HOURS) VALUES ('00000000-0000-0000-0000-000000000036', 'Cochrane, Thomas', 'MD', '', '1:00 - 11:00');
INSERT INTO USER1.DOCTOR (DOC_ID, NAME, DESCRIPTION, NUMBER, HOURS) VALUES ('00000000-0000-0000-0000-000000000037', 'Shah, Amil', 'MD', '', '2:00 - 12:00');
INSERT INTO USER1.DOCTOR (DOC_ID, NAME, DESCRIPTION, NUMBER, HOURS) VALUES ('00000000-0000-0000-0000-000000000038', 'Bartool-Anwar, Salma', 'MD, MPH', '', '2:00 - 12:00');
INSERT INTO USER1.DOCTOR (DOC_ID, NAME, DESCRIPTION, NUMBER, HOURS) VALUES ('00000000-0000-0000-0000-000000000039', 'Ramirez, Alberto', 'MD', '', '8:00 - 4:00');
INSERT INTO USER1.DOCTOR (DOC_ID, NAME, DESCRIPTION, NUMBER, HOURS) VALUES ('00000000-0000-0000-0000-000000000040', 'Lahive, Karen', 'MD', '', '12:00 - 8:00');
INSERT INTO USER1.DOCTOR (DOC_ID, NAME, DESCRIPTION, NUMBER, HOURS) VALUES ('00000000-0000-0000-0000-000000000041', 'Cua, Christopher', 'MD', '', '8:00 - 4:00');
INSERT INTO USER1.DOCTOR (DOC_ID, NAME, DESCRIPTION, NUMBER, HOURS) VALUES ('00000000-0000-0000-0000-000000000042', 'Friedman, Pamela', 'PsyD, ABPP', '', '3:00 - 11:00');
INSERT INTO USER1.DOCTOR (DOC_ID, NAME, DESCRIPTION, NUMBER, HOURS) VALUES ('00000000-0000-0000-0000-000000000043', 'Micley, Bruce', 'MD', '', '5:30 - 4:00');
INSERT INTO USER1.DOCTOR (DOC_ID, NAME, DESCRIPTION, NUMBER, HOURS) VALUES ('00000000-0000-0000-0000-000000000044', 'Halperin, Florencia', 'MD', '', '10:00 - 7:00');
INSERT INTO USER1.DOCTOR (DOC_ID, NAME, DESCRIPTION, NUMBER, HOURS) VALUES ('00000000-0000-0000-0000-000000000045', 'Horowitz, Sandra', 'MD', '', '5:00 - 1:00');
INSERT INTO USER1.DOCTOR (DOC_ID, NAME, DESCRIPTION, NUMBER, HOURS) VALUES ('00000000-0000-0000-0000-000000000046', 'Halvorson, Eric', 'MD', '', '2:00 - 12:00');
INSERT INTO USER1.DOCTOR (DOC_ID, NAME, DESCRIPTION, NUMBER, HOURS) VALUES ('00000000-0000-0000-0000-000000000047', 'Kramer, Justine', 'PA-C', '', '10:00 - 7:00');
INSERT INTO USER1.DOCTOR (DOC_ID, NAME, DESCRIPTION, NUMBER, HOURS) VALUES ('00000000-0000-0000-0000-000000000048', 'Patten, James', 'MD', '', '7:30 - 4:30');
INSERT INTO USER1.DOCTOR (DOC_ID, NAME, DESCRIPTION, NUMBER, HOURS) VALUES ('00000000-0000-0000-0000-000000000049', 'White, David', 'MD', '', '2:00 - 12:00');
INSERT INTO USER1.DOCTOR (DOC_ID, NAME, DESCRIPTION, NUMBER, HOURS) VALUES ('00000000-0000-0000-0000-000000000050', 'Sweeney, Michael', 'MD', '', '3:30 - 10:30');
INSERT INTO USER1.DOCTOR (DOC_ID, NAME, DESCRIPTION, NUMBER, HOURS) VALUES ('00000000-0000-0000-0000-000000000051', 'Drew, Michael', 'MD', '', '1:00 - 11:00');
INSERT INTO USER1.DOCTOR (DOC_ID, NAME, DESCRIPTION, NUMBER, HOURS) VALUES ('00000000-0000-0000-0000-000000000052', 'Nelson, Ehren', 'MD', '', '2:00 - 12:00');
INSERT INTO USER1.DOCTOR (DOC_ID, NAME, DESCRIPTION, NUMBER, HOURS) VALUES ('00000000-0000-0000-0000-000000000053', 'Schissel, Scott', 'MD', '', '9:00 - 5:00');
INSERT INTO USER1.DOCTOR (DOC_ID, NAME, DESCRIPTION, NUMBER, HOURS) VALUES ('00000000-0000-0000-0000-000000000054', 'Byrne, Jennifer', 'RN, CPNP', '', '8:00 - 4:00');
INSERT INTO USER1.DOCTOR (DOC_ID, NAME, DESCRIPTION, NUMBER, HOURS) VALUES ('00000000-0000-0000-0000-000000000055', 'Greenberg, James Adam', 'MD', '', '8:00 - 4:00');
INSERT INTO USER1.DOCTOR (DOC_ID, NAME, DESCRIPTION, NUMBER, HOURS) VALUES ('00000000-0000-0000-0000-000000000056', 'Altschul, Nomee', 'PA-C', '', '3:00 - 11:00');
INSERT INTO USER1.DOCTOR (DOC_ID, NAME, DESCRIPTION, NUMBER, HOURS) VALUES ('00000000-0000-0000-0000-000000000057', 'Chun, Yoon Sun', 'MD', '', '10:00 - 7:00');
INSERT INTO USER1.DOCTOR (DOC_ID, NAME, DESCRIPTION, NUMBER, HOURS) VALUES ('00000000-0000-0000-0000-000000000058', 'Eatman, Arlan', 'LCSW', '', '5:00 - 1:00');
INSERT INTO USER1.DOCTOR (DOC_ID, NAME, DESCRIPTION, NUMBER, HOURS) VALUES ('00000000-0000-0000-0000-000000000059', 'Howard, Neal Anthony', 'LICSW', '', '5:30 - 4:00');
INSERT INTO USER1.DOCTOR (DOC_ID, NAME, DESCRIPTION, NUMBER, HOURS) VALUES ('00000000-0000-0000-0000-000000000060', 'Steele, Graeme', 'MD', '', '2:00 - 12:00');
INSERT INTO USER1.DOCTOR (DOC_ID, NAME, DESCRIPTION, NUMBER, HOURS) VALUES ('00000000-0000-0000-0000-000000000061', 'Fromson, John', 'MD', '', '5:00 - 1:00');
INSERT INTO USER1.DOCTOR (DOC_ID, NAME, DESCRIPTION, NUMBER, HOURS) VALUES ('00000000-0000-0000-0000-000000000062', 'Khaodhiar, Lalita', 'MD', '', '8:00 - 4:00');
INSERT INTO USER1.DOCTOR (DOC_ID, NAME, DESCRIPTION, NUMBER, HOURS) VALUES ('00000000-0000-0000-0000-000000000063', 'Keller, Beth', 'RN, PsyD', '', '2:00 - 12:00');
INSERT INTO USER1.DOCTOR (DOC_ID, NAME, DESCRIPTION, NUMBER, HOURS) VALUES ('00000000-0000-0000-0000-000000000064', 'Harris, Mitchel', 'MD', '', '2:00 - 12:00');
INSERT INTO USER1.DOCTOR (DOC_ID, NAME, DESCRIPTION, NUMBER, HOURS) VALUES ('00000000-0000-0000-0000-000000000065', 'Rangel, Erika', 'MD', '', '7:30 - 4:30');
INSERT INTO USER1.DOCTOR (DOC_ID, NAME, DESCRIPTION, NUMBER, HOURS) VALUES ('00000000-0000-0000-0000-000000000066', 'Caterson, Stephanie', 'MD', '', '2:00 - 12:00');
INSERT INTO USER1.DOCTOR (DOC_ID, NAME, DESCRIPTION, NUMBER, HOURS) VALUES ('00000000-0000-0000-0000-000000000067', 'Miner, Julie', 'MD', '', '7:30 - 4:30');
INSERT INTO USER1.DOCTOR (DOC_ID, NAME, DESCRIPTION, NUMBER, HOURS) VALUES ('00000000-0000-0000-0000-000000000068', 'Novak, Peter', 'MD', '', '8:00 - 4:00');
INSERT INTO USER1.DOCTOR (DOC_ID, NAME, DESCRIPTION, NUMBER, HOURS) VALUES ('00000000-0000-0000-0000-000000000069', 'Schmults, Chrysalyne', 'MD', '', '3:30 - 10:30');
INSERT INTO USER1.DOCTOR (DOC_ID, NAME, DESCRIPTION, NUMBER, HOURS) VALUES ('00000000-0000-0000-0000-000000000070', 'Todd, Derrick', 'MD, PhD', '', '6:00 - 2:00');
INSERT INTO USER1.DOCTOR (DOC_ID, NAME, DESCRIPTION, NUMBER, HOURS) VALUES ('00000000-0000-0000-0000-000000000071', 'Bernstein, Carolyn', 'MD', '', '5:00 - 1:00');
INSERT INTO USER1.DOCTOR (DOC_ID, NAME, DESCRIPTION, NUMBER, HOURS) VALUES ('00000000-0000-0000-0000-000000000072', 'Sharma, Niraj', 'MD', '', '5:30 - 4:00');
INSERT INTO USER1.DOCTOR (DOC_ID, NAME, DESCRIPTION, NUMBER, HOURS) VALUES ('00000000-0000-0000-0000-000000000073', 'Dawson, Courtney', 'MD', '', '5:00 - 1:00');
INSERT INTO USER1.DOCTOR (DOC_ID, NAME, DESCRIPTION, NUMBER, HOURS) VALUES ('00000000-0000-0000-0000-000000000074', 'King, Tari', 'MD', '', '3:00 - 11:00');
INSERT INTO USER1.DOCTOR (DOC_ID, NAME, DESCRIPTION, NUMBER, HOURS) VALUES ('00000000-0000-0000-0000-000000000075', 'Blazar Phil', 'MD', '', '9:00 - 5:00');
INSERT INTO USER1.DOCTOR (DOC_ID, NAME, DESCRIPTION, NUMBER, HOURS) VALUES ('00000000-0000-0000-0000-000000000076', 'Laskowski, Karl', 'MD', '', '10:00 - 7:00');
INSERT INTO USER1.DOCTOR (DOC_ID, NAME, DESCRIPTION, NUMBER, HOURS) VALUES ('00000000-0000-0000-0000-000000000077', 'Nadarajah, Sarah', 'WHNP', '', '5:00 - 1:00');
INSERT INTO USER1.DOCTOR (DOC_ID, NAME, DESCRIPTION, NUMBER, HOURS) VALUES ('00000000-0000-0000-0000-000000000078', 'Ruff, Christian', 'MD', '', '1:00 - 11:00');
INSERT INTO USER1.DOCTOR (DOC_ID, NAME, DESCRIPTION, NUMBER, HOURS) VALUES ('00000000-0000-0000-0000-000000000079', 'Carleen, Mary Anne', 'PA-C', '', '1:00 - 11:00');
INSERT INTO USER1.DOCTOR (DOC_ID, NAME, DESCRIPTION, NUMBER, HOURS) VALUES ('00000000-0000-0000-0000-000000000080', 'Nehs, Matthew', 'MD', '', '10:00 - 7:00');
INSERT INTO USER1.DOCTOR (DOC_ID, NAME, DESCRIPTION, NUMBER, HOURS) VALUES ('00000000-0000-0000-0000-000000000081', 'Berman, Stephanie', 'MD', '', '7:30 - 4:30');
INSERT INTO USER1.DOCTOR (DOC_ID, NAME, DESCRIPTION, NUMBER, HOURS) VALUES ('00000000-0000-0000-0000-000000000082', 'Melnitchouk, Neyla', 'MD', '', '10:00 - 7:00');
INSERT INTO USER1.DOCTOR (DOC_ID, NAME, DESCRIPTION, NUMBER, HOURS) VALUES ('00000000-0000-0000-0000-000000000083', 'Viola, Julianne', 'MD', '', '5:30 - 4:00');
INSERT INTO USER1.DOCTOR (DOC_ID, NAME, DESCRIPTION, NUMBER, HOURS) VALUES ('00000000-0000-0000-0000-000000000084', 'Balash, Eva', 'MD', '', '12:00 - 8:00');
INSERT INTO USER1.DOCTOR (DOC_ID, NAME, DESCRIPTION, NUMBER, HOURS) VALUES ('00000000-0000-0000-0000-000000000085', 'Hartman, Katy', 'MS, RD, LDN', '', '8:00 - 4:00');
INSERT INTO USER1.DOCTOR (DOC_ID, NAME, DESCRIPTION, NUMBER, HOURS) VALUES ('00000000-0000-0000-0000-000000000086', 'Samadi, Farrah', 'NP', '', '7:30 - 4:30');
INSERT INTO USER1.DOCTOR (DOC_ID, NAME, DESCRIPTION, NUMBER, HOURS) VALUES ('00000000-0000-0000-0000-000000000087', 'Joyce, Eileen', 'LICSW', '', '1:00 - 11:00');
INSERT INTO USER1.DOCTOR (DOC_ID, NAME, DESCRIPTION, NUMBER, HOURS) VALUES ('00000000-0000-0000-0000-000000000088', 'Ingram, Abbie', 'PA-C', '', '2:00 - 12:00');
INSERT INTO USER1.DOCTOR (DOC_ID, NAME, DESCRIPTION, NUMBER, HOURS) VALUES ('00000000-0000-0000-0000-000000000089', 'Perry, David', 'LICSW', '', '7:00 - 3:00');
INSERT INTO USER1.DOCTOR (DOC_ID, NAME, DESCRIPTION, NUMBER, HOURS) VALUES ('00000000-0000-0000-0000-000000000090', 'Frangos, Jason', 'MD', '', '8:00 - 4:00');
INSERT INTO USER1.DOCTOR (DOC_ID, NAME, DESCRIPTION, NUMBER, HOURS) VALUES ('00000000-0000-0000-0000-000000000091', 'McKenna, Robert', 'PA-C', '', '9:00 - 5:00');
INSERT INTO USER1.DOCTOR (DOC_ID, NAME, DESCRIPTION, NUMBER, HOURS) VALUES ('00000000-0000-0000-0000-000000000092', 'Copello, Maria', 'MD', '', '1:00 - 11:00');
INSERT INTO USER1.DOCTOR (DOC_ID, NAME, DESCRIPTION, NUMBER, HOURS) VALUES ('00000000-0000-0000-0000-000000000093', 'Cardet, Juan Carlos', 'MD', '', '6:00 - 2:00');
INSERT INTO USER1.DOCTOR (DOC_ID, NAME, DESCRIPTION, NUMBER, HOURS) VALUES ('00000000-0000-0000-0000-000000000094', 'McDonnell, Marie', 'MD', '', '7:00 - 3:00');
INSERT INTO USER1.DOCTOR (DOC_ID, NAME, DESCRIPTION, NUMBER, HOURS) VALUES ('00000000-0000-0000-0000-000000000095', 'Belkin, Michael', 'MD', '', '5:30 - 4:00');
INSERT INTO USER1.DOCTOR (DOC_ID, NAME, DESCRIPTION, NUMBER, HOURS) VALUES ('00000000-0000-0000-0000-000000000096', 'Wagle, Neil', 'MD', '', '5:00 - 1:00');
INSERT INTO USER1.DOCTOR (DOC_ID, NAME, DESCRIPTION, NUMBER, HOURS) VALUES ('00000000-0000-0000-0000-000000000097', 'Pingeton, Mallory', 'PA-C', '', '3:00 - 11:00');
INSERT INTO USER1.DOCTOR (DOC_ID, NAME, DESCRIPTION, NUMBER, HOURS) VALUES ('00000000-0000-0000-0000-000000000098', 'Romano, Keith', 'MD', '', '12:00 - 8:00');
INSERT INTO USER1.DOCTOR (DOC_ID, NAME, DESCRIPTION, NUMBER, HOURS) VALUES ('00000000-0000-0000-0000-000000000099', 'Drewniak, Stephen', 'MD', '', '10:00 - 7:00');
INSERT INTO USER1.DOCTOR (DOC_ID, NAME, DESCRIPTION, NUMBER, HOURS) VALUES ('00000000-0000-0000-0000-000000000100', 'Mullally, William', 'MD', '', '8:00 - 4:00');
INSERT INTO USER1.DOCTOR (DOC_ID, NAME, DESCRIPTION, NUMBER, HOURS) VALUES ('00000000-0000-0000-0000-000000000244', 'Issa, Mohammed', 'MD', '', '5:00 - 1:00');
INSERT INTO USER1.DOCTOR (DOC_ID, NAME, DESCRIPTION, NUMBER, HOURS) VALUES ('00000000-0000-0000-0000-000000000101', 'Ermann, Jeorg', 'MD', '', '5:00 - 1:00');
INSERT INTO USER1.DOCTOR (DOC_ID, NAME, DESCRIPTION, NUMBER, HOURS) VALUES ('00000000-0000-0000-0000-000000000102', 'Miatto, Orietta', 'MD', '', '2:00 - 12:00');
INSERT INTO USER1.DOCTOR (DOC_ID, NAME, DESCRIPTION, NUMBER, HOURS) VALUES ('00000000-0000-0000-0000-000000000103', 'Issac, Zacharia', 'MD', '', '8:00 - 4:00');
INSERT INTO USER1.DOCTOR (DOC_ID, NAME, DESCRIPTION, NUMBER, HOURS) VALUES ('00000000-0000-0000-0000-000000000104', 'Warth, James', 'MD', '', '6:00 - 2:00');
INSERT INTO USER1.DOCTOR (DOC_ID, NAME, DESCRIPTION, NUMBER, HOURS) VALUES ('00000000-0000-0000-0000-000000000105', 'Yudkoff, Benjamin', 'MD', '', '3:00 - 11:00');
INSERT INTO USER1.DOCTOR (DOC_ID, NAME, DESCRIPTION, NUMBER, HOURS) VALUES ('00000000-0000-0000-0000-000000000106', 'Clark, Roger', 'DO', '', '2:00 - 12:00');
INSERT INTO USER1.DOCTOR (DOC_ID, NAME, DESCRIPTION, NUMBER, HOURS) VALUES ('00000000-0000-0000-0000-000000000107', 'McKitrick, Charles', 'MD', '', '3:30 - 10:30');
INSERT INTO USER1.DOCTOR (DOC_ID, NAME, DESCRIPTION, NUMBER, HOURS) VALUES ('00000000-0000-0000-0000-000000000108', 'OConnor, Elizabeth', 'MD', '', '5:00 - 1:00');
INSERT INTO USER1.DOCTOR (DOC_ID, NAME, DESCRIPTION, NUMBER, HOURS) VALUES ('00000000-0000-0000-0000-000000000109', 'Boatwright, Giuseppina', 'MD', '', '10:00 - 7:00');
INSERT INTO USER1.DOCTOR (DOC_ID, NAME, DESCRIPTION, NUMBER, HOURS) VALUES ('00000000-0000-0000-0000-000000000110', 'Caplan, Laura', 'PA-C', '', '7:00 - 3:00');
INSERT INTO USER1.DOCTOR (DOC_ID, NAME, DESCRIPTION, NUMBER, HOURS) VALUES ('00000000-0000-0000-0000-000000000111', 'Warth, Maria', 'MD', '', '9:00 - 5:00');
INSERT INTO USER1.DOCTOR (DOC_ID, NAME, DESCRIPTION, NUMBER, HOURS) VALUES ('00000000-0000-0000-0000-000000000112', 'McMahon, Gearoid', 'MD', '', '12:00 - 8:00');
INSERT INTO USER1.DOCTOR (DOC_ID, NAME, DESCRIPTION, NUMBER, HOURS) VALUES ('00000000-0000-0000-0000-000000000113', 'Hentschel, Dirk', 'MD', '', '7:00 - 3:00');
INSERT INTO USER1.DOCTOR (DOC_ID, NAME, DESCRIPTION, NUMBER, HOURS) VALUES ('00000000-0000-0000-0000-000000000114', 'Cahan, David', 'MD', '', '5:00 - 1:00');
INSERT INTO USER1.DOCTOR (DOC_ID, NAME, DESCRIPTION, NUMBER, HOURS) VALUES ('00000000-0000-0000-0000-000000000115', 'Haimovici, Florina', 'MD', '', '5:30 - 4:00');
INSERT INTO USER1.DOCTOR (DOC_ID, NAME, DESCRIPTION, NUMBER, HOURS) VALUES ('00000000-0000-0000-0000-000000000116', 'Matloff, Daniel', 'MD', '', '1:00 - 11:00');
INSERT INTO USER1.DOCTOR (DOC_ID, NAME, DESCRIPTION, NUMBER, HOURS) VALUES ('00000000-0000-0000-0000-000000000117', 'Stone, Rebecca', 'MD', '', '3:30 - 10:30');
INSERT INTO USER1.DOCTOR (DOC_ID, NAME, DESCRIPTION, NUMBER, HOURS) VALUES ('00000000-0000-0000-0000-000000000118', 'Isom, Kellene', 'MS, RN, LDN', '', '3:00 - 11:00');
INSERT INTO USER1.DOCTOR (DOC_ID, NAME, DESCRIPTION, NUMBER, HOURS) VALUES ('00000000-0000-0000-0000-000000000119', 'Hartigan, Joseph', 'DPM', '', '8:00 - 4:00');
INSERT INTO USER1.DOCTOR (DOC_ID, NAME, DESCRIPTION, NUMBER, HOURS) VALUES ('00000000-0000-0000-0000-000000000120', 'Homenko, Daria', 'MD', '', '8:00 - 4:00');
INSERT INTO USER1.DOCTOR (DOC_ID, NAME, DESCRIPTION, NUMBER, HOURS) VALUES ('00000000-0000-0000-0000-000000000121', 'Roditi, Rachel', 'MD', '', '9:00 - 5:00');
INSERT INTO USER1.DOCTOR (DOC_ID, NAME, DESCRIPTION, NUMBER, HOURS) VALUES ('00000000-0000-0000-0000-000000000122', 'Scheff, David', 'MD', '', '6:00 - 2:00');
INSERT INTO USER1.DOCTOR (DOC_ID, NAME, DESCRIPTION, NUMBER, HOURS) VALUES ('00000000-0000-0000-0000-000000000123', 'Humbert, Timberly', 'MD', '', '10:00 - 7:00');
INSERT INTO USER1.DOCTOR (DOC_ID, NAME, DESCRIPTION, NUMBER, HOURS) VALUES ('00000000-0000-0000-0000-000000000124', 'Lu, Yi', 'MD', '', '10:00 - 7:00');
INSERT INTO USER1.DOCTOR (DOC_ID, NAME, DESCRIPTION, NUMBER, HOURS) VALUES ('00000000-0000-0000-0000-000000000125', 'Rizzoli, Paul', 'MD', '', '7:00 - 3:00');
INSERT INTO USER1.DOCTOR (DOC_ID, NAME, DESCRIPTION, NUMBER, HOURS) VALUES ('00000000-0000-0000-0000-000000000126', 'Paperno, Halie', 'Au.D, CCC-A', '', '10:00 - 7:00');
INSERT INTO USER1.DOCTOR (DOC_ID, NAME, DESCRIPTION, NUMBER, HOURS) VALUES ('00000000-0000-0000-0000-000000000127', 'Omobomi, Olabimpe', 'MD', '', '3:30 - 10:30');
INSERT INTO USER1.DOCTOR (DOC_ID, NAME, DESCRIPTION, NUMBER, HOURS) VALUES ('00000000-0000-0000-0000-000000000128', 'Innis, William', 'MD', '', '8:00 - 4:00');
INSERT INTO USER1.DOCTOR (DOC_ID, NAME, DESCRIPTION, NUMBER, HOURS) VALUES ('00000000-0000-0000-0000-000000000129', 'Divito, Sherrie', 'MD, PhD', '', '7:00 - 3:00');
INSERT INTO USER1.DOCTOR (DOC_ID, NAME, DESCRIPTION, NUMBER, HOURS) VALUES ('00000000-0000-0000-0000-000000000130', 'Dave, Jatin', 'MD', '', '8:00 - 4:00');
INSERT INTO USER1.DOCTOR (DOC_ID, NAME, DESCRIPTION, NUMBER, HOURS) VALUES ('00000000-0000-0000-0000-000000000131', 'Shoji, Brent', 'MD', '', '10:00 - 7:00');
INSERT INTO USER1.DOCTOR (DOC_ID, NAME, DESCRIPTION, NUMBER, HOURS) VALUES ('00000000-0000-0000-0000-000000000132', 'Ash, Samuel', 'MD', '', '9:00 - 5:00');
INSERT INTO USER1.DOCTOR (DOC_ID, NAME, DESCRIPTION, NUMBER, HOURS) VALUES ('00000000-0000-0000-0000-000000000133', 'Parker, Leroy', 'MD', '', '3:30 - 10:30');
INSERT INTO USER1.DOCTOR (DOC_ID, NAME, DESCRIPTION, NUMBER, HOURS) VALUES ('00000000-0000-0000-0000-000000000134', 'Goldman, Jill', 'MD', '', '5:30 - 4:00');
INSERT INTO USER1.DOCTOR (DOC_ID, NAME, DESCRIPTION, NUMBER, HOURS) VALUES ('00000000-0000-0000-0000-000000000135', 'Kessler, Joshua', 'MD', '', '3:30 - 10:30');
INSERT INTO USER1.DOCTOR (DOC_ID, NAME, DESCRIPTION, NUMBER, HOURS) VALUES ('00000000-0000-0000-0000-000000000136', 'Leone, Amanda', 'LICSW', '', '6:00 - 2:00');
INSERT INTO USER1.DOCTOR (DOC_ID, NAME, DESCRIPTION, NUMBER, HOURS) VALUES ('00000000-0000-0000-0000-000000000137', 'Samara, Mariah', 'MD', '', '5:00 - 1:00');
INSERT INTO USER1.DOCTOR (DOC_ID, NAME, DESCRIPTION, NUMBER, HOURS) VALUES ('00000000-0000-0000-0000-000000000138', 'Fanta, Christopher', 'MD', '', '7:00 - 3:00');
INSERT INTO USER1.DOCTOR (DOC_ID, NAME, DESCRIPTION, NUMBER, HOURS) VALUES ('00000000-0000-0000-0000-000000000139', 'Keller, Elisabeth', 'MD', '', '5:30 - 4:00');
INSERT INTO USER1.DOCTOR (DOC_ID, NAME, DESCRIPTION, NUMBER, HOURS) VALUES ('00000000-0000-0000-0000-000000000140', 'Conant, Alene', 'MD', '', '10:00 - 7:00');
INSERT INTO USER1.DOCTOR (DOC_ID, NAME, DESCRIPTION, NUMBER, HOURS) VALUES ('00000000-0000-0000-0000-000000000141', 'Palermo, Nadine', 'MD', '', '1:00 - 11:00');
INSERT INTO USER1.DOCTOR (DOC_ID, NAME, DESCRIPTION, NUMBER, HOURS) VALUES ('00000000-0000-0000-0000-000000000142', 'Chan, Walter', 'MD', '', '3:00 - 11:00');
INSERT INTO USER1.DOCTOR (DOC_ID, NAME, DESCRIPTION, NUMBER, HOURS) VALUES ('00000000-0000-0000-0000-000000000143', 'Dowd, Erin', 'LICSW', '', '7:00 - 3:00');
INSERT INTO USER1.DOCTOR (DOC_ID, NAME, DESCRIPTION, NUMBER, HOURS) VALUES ('00000000-0000-0000-0000-000000000144', 'Nuspl, Kristen', 'PA-C', '', '3:00 - 11:00');
INSERT INTO USER1.DOCTOR (DOC_ID, NAME, DESCRIPTION, NUMBER, HOURS) VALUES ('00000000-0000-0000-0000-000000000145', 'Lafleur, Emily', 'PA-C', '', '2:00 - 12:00');
INSERT INTO USER1.DOCTOR (DOC_ID, NAME, DESCRIPTION, NUMBER, HOURS) VALUES ('00000000-0000-0000-0000-000000000146', 'Saldana, Fidencio', 'MD', '', '2:00 - 12:00');
INSERT INTO USER1.DOCTOR (DOC_ID, NAME, DESCRIPTION, NUMBER, HOURS) VALUES ('00000000-0000-0000-0000-000000000147', 'Welker, Roy', 'MD', '', '1:00 - 11:00');
INSERT INTO USER1.DOCTOR (DOC_ID, NAME, DESCRIPTION, NUMBER, HOURS) VALUES ('00000000-0000-0000-0000-000000000148', 'McNabb-Balter, Julia', 'MD', '', '1:00 - 11:00');
INSERT INTO USER1.DOCTOR (DOC_ID, NAME, DESCRIPTION, NUMBER, HOURS) VALUES ('00000000-0000-0000-0000-000000000149', 'Malone, Michael', 'MD', '', '5:30 - 4:00');
INSERT INTO USER1.DOCTOR (DOC_ID, NAME, DESCRIPTION, NUMBER, HOURS) VALUES ('00000000-0000-0000-0000-000000000150', 'Oliver, Lynn', 'RN', '', '7:00 - 3:00');
INSERT INTO USER1.DOCTOR (DOC_ID, NAME, DESCRIPTION, NUMBER, HOURS) VALUES ('00000000-0000-0000-0000-000000000151', 'Voiculescu, Adina', 'MD', '', '7:30 - 4:30');
INSERT INTO USER1.DOCTOR (DOC_ID, NAME, DESCRIPTION, NUMBER, HOURS) VALUES ('00000000-0000-0000-0000-000000000152', 'Saluti, Andrew', 'DO', '', '5:30 - 4:00');
INSERT INTO USER1.DOCTOR (DOC_ID, NAME, DESCRIPTION, NUMBER, HOURS) VALUES ('00000000-0000-0000-0000-000000000153', 'Sheth, Samira', 'NP', '', '7:30 - 4:30');
INSERT INTO USER1.DOCTOR (DOC_ID, NAME, DESCRIPTION, NUMBER, HOURS) VALUES ('00000000-0000-0000-0000-000000000154', 'Cardin, Kristin', 'NP', '', '9:00 - 5:00');
INSERT INTO USER1.DOCTOR (DOC_ID, NAME, DESCRIPTION, NUMBER, HOURS) VALUES ('00000000-0000-0000-0000-000000000155', 'Butler, Matthew', 'DPM', '', '2:00 - 12:00');
INSERT INTO USER1.DOCTOR (DOC_ID, NAME, DESCRIPTION, NUMBER, HOURS) VALUES ('00000000-0000-0000-0000-000000000156', 'Duggan, Margaret', 'MD', '', '2:00 - 12:00');
INSERT INTO USER1.DOCTOR (DOC_ID, NAME, DESCRIPTION, NUMBER, HOURS) VALUES ('00000000-0000-0000-0000-000000000157', 'Connell, Nathan', 'MD', '', '2:00 - 12:00');
INSERT INTO USER1.DOCTOR (DOC_ID, NAME, DESCRIPTION, NUMBER, HOURS) VALUES ('00000000-0000-0000-0000-000000000158', 'Groff, Michael', 'MD', '', '5:00 - 1:00');
INSERT INTO USER1.DOCTOR (DOC_ID, NAME, DESCRIPTION, NUMBER, HOURS) VALUES ('00000000-0000-0000-0000-000000000159', 'Carty, Matthew', 'MD', '', '10:00 - 7:00');
INSERT INTO USER1.DOCTOR (DOC_ID, NAME, DESCRIPTION, NUMBER, HOURS) VALUES ('00000000-0000-0000-0000-000000000160', 'Pavlova, Milena', 'MD', '', '5:00 - 1:00');
INSERT INTO USER1.DOCTOR (DOC_ID, NAME, DESCRIPTION, NUMBER, HOURS) VALUES ('00000000-0000-0000-0000-000000000161', 'Preneta, Ewa', 'MD', '', '5:00 - 1:00');
INSERT INTO USER1.DOCTOR (DOC_ID, NAME, DESCRIPTION, NUMBER, HOURS) VALUES ('00000000-0000-0000-0000-000000000162', 'McCarthy, Rita', 'NP', '', '3:00 - 11:00');
INSERT INTO USER1.DOCTOR (DOC_ID, NAME, DESCRIPTION, NUMBER, HOURS) VALUES ('00000000-0000-0000-0000-000000000163', 'Tarpy, Robert', 'MD', '', '12:00 - 8:00');
INSERT INTO USER1.DOCTOR (DOC_ID, NAME, DESCRIPTION, NUMBER, HOURS) VALUES ('00000000-0000-0000-0000-000000000164', 'Matthews, Robert', 'PA-C', '', '10:00 - 7:00');
INSERT INTO USER1.DOCTOR (DOC_ID, NAME, DESCRIPTION, NUMBER, HOURS) VALUES ('00000000-0000-0000-0000-000000000165', 'Trumble, Julia', 'LICSW', '', '9:00 - 5:00');
INSERT INTO USER1.DOCTOR (DOC_ID, NAME, DESCRIPTION, NUMBER, HOURS) VALUES ('00000000-0000-0000-0000-000000000166', 'Webber, Anthony', 'MD', '', '3:30 - 10:30');
INSERT INTO USER1.DOCTOR (DOC_ID, NAME, DESCRIPTION, NUMBER, HOURS) VALUES ('00000000-0000-0000-0000-000000000167', 'Bhasin, Shalender', 'MD', '', '7:00 - 3:00');
INSERT INTO USER1.DOCTOR (DOC_ID, NAME, DESCRIPTION, NUMBER, HOURS) VALUES ('00000000-0000-0000-0000-000000000168', 'Waldman, Abigail', 'MD', '', '2:00 - 12:00');
INSERT INTO USER1.DOCTOR (DOC_ID, NAME, DESCRIPTION, NUMBER, HOURS) VALUES ('00000000-0000-0000-0000-000000000169', 'Whitman, Gregory', 'MD', '', '7:30 - 4:30');
INSERT INTO USER1.DOCTOR (DOC_ID, NAME, DESCRIPTION, NUMBER, HOURS) VALUES ('00000000-0000-0000-0000-000000000170', 'Smith, Benjamin', 'MD', '', '2:00 - 12:00');
INSERT INTO USER1.DOCTOR (DOC_ID, NAME, DESCRIPTION, NUMBER, HOURS) VALUES ('00000000-0000-0000-0000-000000000171', 'Yung, Rachel', 'MD', '', '5:00 - 1:00');
INSERT INTO USER1.DOCTOR (DOC_ID, NAME, DESCRIPTION, NUMBER, HOURS) VALUES ('00000000-0000-0000-0000-000000000172', 'Bhattacharyya, Shamik', 'MD', '', '6:00 - 2:00');
INSERT INTO USER1.DOCTOR (DOC_ID, NAME, DESCRIPTION, NUMBER, HOURS) VALUES ('00000000-0000-0000-0000-000000000173', 'Yong, Jason', 'MD', '', '8:00 - 4:00');
INSERT INTO USER1.DOCTOR (DOC_ID, NAME, DESCRIPTION, NUMBER, HOURS) VALUES ('00000000-0000-0000-0000-000000000174', 'Spector, David', 'MD', '', '3:30 - 10:30');
INSERT INTO USER1.DOCTOR (DOC_ID, NAME, DESCRIPTION, NUMBER, HOURS) VALUES ('00000000-0000-0000-0000-000000000175', 'Doherty, Meghan', 'LCSW', '', '7:30 - 4:30');
INSERT INTO USER1.DOCTOR (DOC_ID, NAME, DESCRIPTION, NUMBER, HOURS) VALUES ('00000000-0000-0000-0000-000000000176', 'Schoenfeld, Andrew', 'MD', '', '12:00 - 8:00');
INSERT INTO USER1.DOCTOR (DOC_ID, NAME, DESCRIPTION, NUMBER, HOURS) VALUES ('00000000-0000-0000-0000-000000000177', 'Corrales, Carleton Eduardo', 'MD', '', '10:00 - 7:00');
INSERT INTO USER1.DOCTOR (DOC_ID, NAME, DESCRIPTION, NUMBER, HOURS) VALUES ('00000000-0000-0000-0000-000000000178', 'Vernon, Ashley', 'MD', '', '10:00 - 7:00');
INSERT INTO USER1.DOCTOR (DOC_ID, NAME, DESCRIPTION, NUMBER, HOURS) VALUES ('00000000-0000-0000-0000-000000000179', 'Parnes, Aric', 'MD', '', '12:00 - 8:00');
INSERT INTO USER1.DOCTOR (DOC_ID, NAME, DESCRIPTION, NUMBER, HOURS) VALUES ('00000000-0000-0000-0000-000000000180', 'Lai, Leonard', 'MD', '', '1:00 - 11:00');
INSERT INTO USER1.DOCTOR (DOC_ID, NAME, DESCRIPTION, NUMBER, HOURS) VALUES ('00000000-0000-0000-0000-000000000181', 'Taylor, Cristin', 'PA-C', '', '3:00 - 11:00');
INSERT INTO USER1.DOCTOR (DOC_ID, NAME, DESCRIPTION, NUMBER, HOURS) VALUES ('00000000-0000-0000-0000-000000000182', 'Grossi, Lisa', 'RN, MS, CPNP', '', '7:00 - 3:00');
INSERT INTO USER1.DOCTOR (DOC_ID, NAME, DESCRIPTION, NUMBER, HOURS) VALUES ('00000000-0000-0000-0000-000000000183', 'Healey, Michael', 'MD', '', '3:00 - 11:00');
INSERT INTO USER1.DOCTOR (DOC_ID, NAME, DESCRIPTION, NUMBER, HOURS) VALUES ('00000000-0000-0000-0000-000000000184', 'Angell, Trevor', 'MD', '', '7:00 - 3:00');
INSERT INTO USER1.DOCTOR (DOC_ID, NAME, DESCRIPTION, NUMBER, HOURS) VALUES ('00000000-0000-0000-0000-000000000185', 'Tucker, Kevin', 'MD', '', '3:30 - 10:30');
INSERT INTO USER1.DOCTOR (DOC_ID, NAME, DESCRIPTION, NUMBER, HOURS) VALUES ('00000000-0000-0000-0000-000000000186', 'Prince, Anthony', 'MD', '', '7:00 - 3:00');
INSERT INTO USER1.DOCTOR (DOC_ID, NAME, DESCRIPTION, NUMBER, HOURS) VALUES ('00000000-0000-0000-0000-000000000187', 'Brick, Gregory', 'MD', '', '3:00 - 11:00');
INSERT INTO USER1.DOCTOR (DOC_ID, NAME, DESCRIPTION, NUMBER, HOURS) VALUES ('00000000-0000-0000-0000-000000000188', 'Barr, Joseph Jr.', 'MD', '', '10:00 - 7:00');
INSERT INTO USER1.DOCTOR (DOC_ID, NAME, DESCRIPTION, NUMBER, HOURS) VALUES ('00000000-0000-0000-0000-000000000189', 'Vigneau, Shari', 'PA-C', '', '2:00 - 12:00');
INSERT INTO USER1.DOCTOR (DOC_ID, NAME, DESCRIPTION, NUMBER, HOURS) VALUES ('00000000-0000-0000-0000-000000000190', 'Whitlock, Kaitlyn', 'PA-C', '', '5:30 - 4:00');
INSERT INTO USER1.DOCTOR (DOC_ID, NAME, DESCRIPTION, NUMBER, HOURS) VALUES ('00000000-0000-0000-0000-000000000191', 'Tenforde, Adam', 'MD', '', '5:00 - 1:00');
INSERT INTO USER1.DOCTOR (DOC_ID, NAME, DESCRIPTION, NUMBER, HOURS) VALUES ('00000000-0000-0000-0000-000000000192', 'Frangieh, George', 'MD', '', '9:00 - 5:00');
INSERT INTO USER1.DOCTOR (DOC_ID, NAME, DESCRIPTION, NUMBER, HOURS) VALUES ('00000000-0000-0000-0000-000000000193', 'McDonald, Michael', 'MD', '', '5:00 - 1:00');
INSERT INTO USER1.DOCTOR (DOC_ID, NAME, DESCRIPTION, NUMBER, HOURS) VALUES ('00000000-0000-0000-0000-000000000194', 'Smith, Colleen', 'NP', '', '8:00 - 4:00');
INSERT INTO USER1.DOCTOR (DOC_ID, NAME, DESCRIPTION, NUMBER, HOURS) VALUES ('00000000-0000-0000-0000-000000000195', 'Cotter, Lindsay', 'LICSW', '', '2:00 - 12:00');
INSERT INTO USER1.DOCTOR (DOC_ID, NAME, DESCRIPTION, NUMBER, HOURS) VALUES ('00000000-0000-0000-0000-000000000196', 'Tunick, Mitchell', 'MD', '', '12:00 - 8:00');
INSERT INTO USER1.DOCTOR (DOC_ID, NAME, DESCRIPTION, NUMBER, HOURS) VALUES ('00000000-0000-0000-0000-000000000197', 'Lilienfeld, Armin', 'MD', '', '9:00 - 5:00');
INSERT INTO USER1.DOCTOR (DOC_ID, NAME, DESCRIPTION, NUMBER, HOURS) VALUES ('00000000-0000-0000-0000-000000000198', 'Dominici, Laura', 'MD', '', '5:00 - 1:00');
INSERT INTO USER1.DOCTOR (DOC_ID, NAME, DESCRIPTION, NUMBER, HOURS) VALUES ('00000000-0000-0000-0000-000000000199', 'Nakhlis, Faina', 'MD', '', '5:30 - 4:00');
INSERT INTO USER1.DOCTOR (DOC_ID, NAME, DESCRIPTION, NUMBER, HOURS) VALUES ('00000000-0000-0000-0000-000000000200', 'Kathrins, Martin', 'MD', '', '10:00 - 7:00');
INSERT INTO USER1.DOCTOR (DOC_ID, NAME, DESCRIPTION, NUMBER, HOURS) VALUES ('00000000-0000-0000-0000-000000000201', 'Andromalos, Laura', 'RD, LDN', '', '5:00 - 1:00');
INSERT INTO USER1.DOCTOR (DOC_ID, NAME, DESCRIPTION, NUMBER, HOURS) VALUES ('00000000-0000-0000-0000-000000000202', 'Hajj, Micheline', 'RN', '', '1:00 - 11:00');
INSERT INTO USER1.DOCTOR (DOC_ID, NAME, DESCRIPTION, NUMBER, HOURS) VALUES ('00000000-0000-0000-0000-000000000203', 'Zampini, Jay', 'MD', '', '7:00 - 3:00');
INSERT INTO USER1.DOCTOR (DOC_ID, NAME, DESCRIPTION, NUMBER, HOURS) VALUES ('00000000-0000-0000-0000-000000000204', 'Tavakkoli, Ali', 'MD', '', '8:00 - 4:00');
INSERT INTO USER1.DOCTOR (DOC_ID, NAME, DESCRIPTION, NUMBER, HOURS) VALUES ('00000000-0000-0000-0000-000000000205', 'Schueler, Leila', 'MD', '', '10:00 - 7:00');
INSERT INTO USER1.DOCTOR (DOC_ID, NAME, DESCRIPTION, NUMBER, HOURS) VALUES ('00000000-0000-0000-0000-000000000206', 'Kenney, Pardon', 'MD', '', '9:00 - 5:00');
INSERT INTO USER1.DOCTOR (DOC_ID, NAME, DESCRIPTION, NUMBER, HOURS) VALUES ('00000000-0000-0000-0000-000000000207', 'Reil, Erin', 'RD, LDN', '', '5:00 - 1:00');
INSERT INTO USER1.DOCTOR (DOC_ID, NAME, DESCRIPTION, NUMBER, HOURS) VALUES ('00000000-0000-0000-0000-000000000208', 'Loder, Elizabeth', 'MD', '', '1:00 - 11:00');
INSERT INTO USER1.DOCTOR (DOC_ID, NAME, DESCRIPTION, NUMBER, HOURS) VALUES ('00000000-0000-0000-0000-000000000209', 'Weisholtz, Daniel', 'MD', '', '12:00 - 8:00');
INSERT INTO USER1.DOCTOR (DOC_ID, NAME, DESCRIPTION, NUMBER, HOURS) VALUES ('00000000-0000-0000-0000-000000000210', 'Chahal, Katie', 'PA-C', '', '11:30 - 7:30');
INSERT INTO USER1.DOCTOR (DOC_ID, NAME, DESCRIPTION, NUMBER, HOURS) VALUES ('00000000-0000-0000-0000-000000000211', 'Dyer, George', 'MD', '', '8:00 - 4:00');
INSERT INTO USER1.DOCTOR (DOC_ID, NAME, DESCRIPTION, NUMBER, HOURS) VALUES ('00000000-0000-0000-0000-000000000212', 'Wellman, David', 'MD', '', '10:00 - 7:00');
INSERT INTO USER1.DOCTOR (DOC_ID, NAME, DESCRIPTION, NUMBER, HOURS) VALUES ('00000000-0000-0000-0000-000000000213', 'Matwin, Sonia', 'PhD', '', '2:00 - 12:00');
INSERT INTO USER1.DOCTOR (DOC_ID, NAME, DESCRIPTION, NUMBER, HOURS) VALUES ('00000000-0000-0000-0000-000000000214', 'Barbie, Thanh', 'MD', '', '1:00 - 11:00');
INSERT INTO USER1.DOCTOR (DOC_ID, NAME, DESCRIPTION, NUMBER, HOURS) VALUES ('00000000-0000-0000-0000-000000000215', 'Vardeh, Daniel', 'MD', '', '1:00 - 11:00');
INSERT INTO USER1.DOCTOR (DOC_ID, NAME, DESCRIPTION, NUMBER, HOURS) VALUES ('00000000-0000-0000-0000-000000000216', 'Mutinga, Muthoka', 'MD', '', '3:00 - 11:00');
INSERT INTO USER1.DOCTOR (DOC_ID, NAME, DESCRIPTION, NUMBER, HOURS) VALUES ('00000000-0000-0000-0000-000000000217', 'Pariser, Kenneth', 'MD', '', '2:00 - 12:00');
INSERT INTO USER1.DOCTOR (DOC_ID, NAME, DESCRIPTION, NUMBER, HOURS) VALUES ('00000000-0000-0000-0000-000000000218', 'Budhiraja, Rohit', 'MD', '', '5:00 - 1:00');
INSERT INTO USER1.DOCTOR (DOC_ID, NAME, DESCRIPTION, NUMBER, HOURS) VALUES ('00000000-0000-0000-0000-000000000219', 'Mariano, Timothy', 'MD', '', '7:30 - 4:30');
INSERT INTO USER1.DOCTOR (DOC_ID, NAME, DESCRIPTION, NUMBER, HOURS) VALUES ('00000000-0000-0000-0000-000000000220', 'OLeary, Michael', 'MD', '', '7:30 - 4:30');
INSERT INTO USER1.DOCTOR (DOC_ID, NAME, DESCRIPTION, NUMBER, HOURS) VALUES ('00000000-0000-0000-0000-000000000221', 'Hoover, Paul', 'MD, PhD', '', '3:00 - 11:00');
INSERT INTO USER1.DOCTOR (DOC_ID, NAME, DESCRIPTION, NUMBER, HOURS) VALUES ('00000000-0000-0000-0000-000000000222', 'Lo, Amy', 'MD', '', '12:00 - 8:00');
INSERT INTO USER1.DOCTOR (DOC_ID, NAME, DESCRIPTION, NUMBER, HOURS) VALUES ('00000000-0000-0000-0000-000000000223', 'Mason, William', 'MD', '', '5:00 - 1:00');
INSERT INTO USER1.DOCTOR (DOC_ID, NAME, DESCRIPTION, NUMBER, HOURS) VALUES ('00000000-0000-0000-0000-000000000224', 'Sampson, Christian', 'MD', '', '2:00 - 12:00');
INSERT INTO USER1.DOCTOR (DOC_ID, NAME, DESCRIPTION, NUMBER, HOURS) VALUES ('00000000-0000-0000-0000-000000000225', 'Morrison-Ma, Samantha', 'NP', '', '2:00 - 12:00');
INSERT INTO USER1.DOCTOR (DOC_ID, NAME, DESCRIPTION, NUMBER, HOURS) VALUES ('00000000-0000-0000-0000-000000000226', 'Oliveira, Nancy', 'MS, RDN, LDN', '', '5:00 - 1:00');
INSERT INTO USER1.DOCTOR (DOC_ID, NAME, DESCRIPTION, NUMBER, HOURS) VALUES ('00000000-0000-0000-0000-000000000227', 'Bonaca, Marc', 'MD', '', '2:00 - 12:00');
INSERT INTO USER1.DOCTOR (DOC_ID, NAME, DESCRIPTION, NUMBER, HOURS) VALUES ('00000000-0000-0000-0000-000000000228', 'Smith, Jeremy', 'MD', '', '3:00 - 11:00');
INSERT INTO USER1.DOCTOR (DOC_ID, NAME, DESCRIPTION, NUMBER, HOURS) VALUES ('00000000-0000-0000-0000-000000000229', 'Bono, Christopher', 'MD', '', '8:00 - 4:00');
INSERT INTO USER1.DOCTOR (DOC_ID, NAME, DESCRIPTION, NUMBER, HOURS) VALUES ('00000000-0000-0000-0000-000000000230', 'Johnsen, Jami', 'MD', '', '8:00 - 4:00');
INSERT INTO USER1.DOCTOR (DOC_ID, NAME, DESCRIPTION, NUMBER, HOURS) VALUES ('00000000-0000-0000-0000-000000000231', 'DAmbrosio, Carolyn', 'MD', '', '3:00 - 11:00');
INSERT INTO USER1.DOCTOR (DOC_ID, NAME, DESCRIPTION, NUMBER, HOURS) VALUES ('00000000-0000-0000-0000-000000000232', 'Rodriguez, Claudia', 'MD', '', '3:30 - 10:30');
INSERT INTO USER1.DOCTOR (DOC_ID, NAME, DESCRIPTION, NUMBER, HOURS) VALUES ('00000000-0000-0000-0000-000000000233', 'Sheu, Eric', 'MD', '', '5:00 - 1:00');
INSERT INTO USER1.DOCTOR (DOC_ID, NAME, DESCRIPTION, NUMBER, HOURS) VALUES ('00000000-0000-0000-0000-000000000234', 'Stephens, Kelly', 'MD', '', '8:00 - 4:00');
INSERT INTO USER1.DOCTOR (DOC_ID, NAME, DESCRIPTION, NUMBER, HOURS) VALUES ('00000000-0000-0000-0000-000000000235', 'McGowan, Katherine', 'MD', '', '6:00 - 2:00');
INSERT INTO USER1.DOCTOR (DOC_ID, NAME, DESCRIPTION, NUMBER, HOURS) VALUES ('00000000-0000-0000-0000-000000000236', 'Schoenfeld, Paul', 'MD', '', '1:00 - 11:00');
INSERT INTO USER1.DOCTOR (DOC_ID, NAME, DESCRIPTION, NUMBER, HOURS) VALUES ('00000000-0000-0000-0000-000000000237', 'Stevens, Erin', 'LICSW', '', '5:30 - 4:00');
INSERT INTO USER1.DOCTOR (DOC_ID, NAME, DESCRIPTION, NUMBER, HOURS) VALUES ('00000000-0000-0000-0000-000000000238', 'Stewart, Carl', 'MEd, LADC I', '', '9:00 - 5:00');
INSERT INTO USER1.DOCTOR (DOC_ID, NAME, DESCRIPTION, NUMBER, HOURS) VALUES ('00000000-0000-0000-0000-000000000239', 'Ariagno, Megan', 'RD, LDN', '', '6:00 - 2:00');
INSERT INTO USER1.DOCTOR (DOC_ID, NAME, DESCRIPTION, NUMBER, HOURS) VALUES ('00000000-0000-0000-0000-000000000240', 'Chiodo, Christopher', 'MD', '', '12:00 - 9:00');
INSERT INTO USER1.DOCTOR (DOC_ID, NAME, DESCRIPTION, NUMBER, HOURS) VALUES ('00000000-0000-0000-0000-000000000241', 'Ruiz, Emily', 'MD', '', '10:00 - 7:00');
INSERT INTO USER1.DOCTOR (DOC_ID, NAME, DESCRIPTION, NUMBER, HOURS) VALUES ('00000000-0000-0000-0000-000000000242', 'Burch, Rebecca', 'MD', '', '7:00 - 3:00');
INSERT INTO USER1.DOCTOR (DOC_ID, NAME, DESCRIPTION, NUMBER, HOURS) VALUES ('00000000-0000-0000-0000-000000000243', 'Hsu, Joyce', 'MD', '', '1:00 - 11:00');
INSERT INTO USER1.FLOOR (FLOOR_ID, BUILDING_ID, NUMBER, IMAGE) VALUES (''Faulkner6'', 1, 6, '6_thesixthfloor.png');
INSERT INTO USER1.FLOOR (FLOOR_ID, BUILDING_ID, NUMBER, IMAGE) VALUES (''Faulkner7'', 1, 7, '7_theseventhfloor.png');
INSERT INTO USER1.FLOOR (FLOOR_ID, BUILDING_ID, NUMBER, IMAGE) VALUES (''Faulkner3'', 1, 3, '3_thethirdfloor.png');
INSERT INTO USER1.FLOOR (FLOOR_ID, BUILDING_ID, NUMBER, IMAGE) VALUES (''Faulkner1'', 1, 1, '1_thefirstfloor.png');
INSERT INTO USER1.FLOOR (FLOOR_ID, BUILDING_ID, NUMBER, IMAGE) VALUES (''Faulkner2'', 1, 2, '2_thesecondfloor.png');
INSERT INTO USER1.FLOOR (FLOOR_ID, BUILDING_ID, NUMBER, IMAGE) VALUES (''Faulkner4'', 1, 4, '4_thefourthfloor.png');
INSERT INTO USER1.FLOOR (FLOOR_ID, BUILDING_ID, NUMBER, IMAGE) VALUES (''Faulkner5'', 1, 5, '5_thefifthfloor.png');
INSERT INTO USER1.NODE (NODE_ID, POSX, POSY, FLOOR_ID, TYPE) VALUES ('bf61c6b5-aeb5-401e-a1a8-f0f06f725df5', 1218, 505, 'Faulkner3', 5);
INSERT INTO USER1.NODE (NODE_ID, POSX, POSY, FLOOR_ID, TYPE) VALUES ('0b3c9429-e754-47e6-8c76-9ff0e971a314', 1126, 606, 'Faulkner3', 0);
INSERT INTO USER1.NODE (NODE_ID, POSX, POSY, FLOOR_ID, TYPE) VALUES ('7ac7edf0-4bbf-425e-830e-2f5212fdbbd2', 1145, 513, 'Faulkner3', 0);
INSERT INTO USER1.NODE (NODE_ID, POSX, POSY, FLOOR_ID, TYPE) VALUES ('488574a5-fc4b-405d-a5e8-0905bbce25b2', 1143, 895, 'Faulkner3', 0);
INSERT INTO USER1.NODE (NODE_ID, POSX, POSY, FLOOR_ID, TYPE) VALUES ('8fe2b1b2-7d0f-4367-a3cb-45a70c42f31e', 1125, 701, 'Faulkner3', 0);
INSERT INTO USER1.NODE (NODE_ID, POSX, POSY, FLOOR_ID, TYPE) VALUES ('01b00557-f3b9-4b7e-992a-4e4fc63790fb', 1114.5, 568.5, 'Faulkner3', 2);
INSERT INTO USER1.NODE (NODE_ID, POSX, POSY, FLOOR_ID, TYPE) VALUES ('fa6cb0b5-3b21-4d88-94e0-ee4d59434414', 1191, 522, 'Faulkner3', 0);
INSERT INTO USER1.NODE (NODE_ID, POSX, POSY, FLOOR_ID, TYPE) VALUES ('422e28a0-2712-4769-8c90-2078778ca19b', 1099, 731, 'Faulkner3', 1);
INSERT INTO USER1.NODE (NODE_ID, POSX, POSY, FLOOR_ID, TYPE) VALUES ('876ee78c-45c5-4bd6-b7a8-d6e74eac641e', 1097, 709, 'Faulkner3', 0);
INSERT INTO USER1.NODE (NODE_ID, POSX, POSY, FLOOR_ID, TYPE) VALUES ('125d35b5-712d-403b-9c84-8ae7587ed270', 1136, 482, 'Faulkner3', 5);
INSERT INTO USER1.NODE (NODE_ID, POSX, POSY, FLOOR_ID, TYPE) VALUES ('de9ab597-c31e-4cc3-9813-38deee514db8', 1145, 604, 'Faulkner3', 0);
INSERT INTO USER1.NODE (NODE_ID, POSX, POSY, FLOOR_ID, TYPE) VALUES ('8dcfabb8-1203-461a-9419-b1101fa9f8fb', 1144, 695, 'Faulkner3', 0);
INSERT INTO USER1.NODE (NODE_ID, POSX, POSY, FLOOR_ID, TYPE) VALUES ('31d28d02-d6f2-42b9-8000-2f1ed7b71304', 1196, 690, 'Faulkner3', 3);
INSERT INTO USER1.NODE (NODE_ID, POSX, POSY, FLOOR_ID, TYPE) VALUES ('ad83486a-905a-41d9-9a90-f7b08025cc96', 1180, 486, 'Faulkner3', 5);
INSERT INTO USER1.NODE (NODE_ID, POSX, POSY, FLOOR_ID, TYPE) VALUES ('73d5c534-e4a0-48fd-af73-115c4b5337fc', 1113, 832, 'Faulkner3', 1);
INSERT INTO USER1.NODE (NODE_ID, POSX, POSY, FLOOR_ID, TYPE) VALUES ('76de67e4-6817-49f4-b5c6-ba73395d350c', 1175, 514, 'Faulkner3', 0);
INSERT INTO USER1.NODE (NODE_ID, POSX, POSY, FLOOR_ID, TYPE) VALUES ('9deb646c-132c-4808-abfb-32a578d3bb9e', 1146, 764, 'Faulkner1', 0);
INSERT INTO USER1.NODE (NODE_ID, POSX, POSY, FLOOR_ID, TYPE) VALUES ('d894c8e6-3e9b-4955-b6e8-b239707a5f75', 1114, 568, 'Faulkner1', 2);
INSERT INTO USER1.NODE (NODE_ID, POSX, POSY, FLOOR_ID, TYPE) VALUES ('6f4bd0a3-c46b-48a9-b424-56a7864228e8', 1146, 619, 'Faulkner1', 0);
INSERT INTO USER1.NODE (NODE_ID, POSX, POSY, FLOOR_ID, TYPE) VALUES ('dcb5a1e3-a157-4e92-be3b-fa226aa06150', 1144, 570, 'Faulkner1', 5);
INSERT INTO USER1.NODE (NODE_ID, POSX, POSY, FLOOR_ID, TYPE) VALUES ('9c6aa3d6-cb02-4548-ba88-0e0c748e01cc', 1191, 616, 'Faulkner2', 0);
INSERT INTO USER1.NODE (NODE_ID, POSX, POSY, FLOOR_ID, TYPE) VALUES ('65eae14a-675b-4159-a74f-3ba0f3a9b1bc', 1145, 569, 'Faulkner2', 5);
INSERT INTO USER1.NODE (NODE_ID, POSX, POSY, FLOOR_ID, TYPE) VALUES ('3a633eb1-7768-4c78-8b0a-5f6f6c0321fd', 1146, 601, 'Faulkner2', 0);
INSERT INTO USER1.NODE (NODE_ID, POSX, POSY, FLOOR_ID, TYPE) VALUES ('1c99c761-cca3-494a-8a2f-2dd554baba9b', 1256, 787, 'Faulkner2', 5);
INSERT INTO USER1.NODE (NODE_ID, POSX, POSY, FLOOR_ID, TYPE) VALUES ('a5fc575f-9891-4d0f-b376-7eae9a827bbc', 1228, 615, 'Faulkner2', 0);
INSERT INTO USER1.NODE (NODE_ID, POSX, POSY, FLOOR_ID, TYPE) VALUES ('75434a04-f38e-45f6-b980-941ef89755fa', 1192, 602, 'Faulkner2', 0);
INSERT INTO USER1.NODE (NODE_ID, POSX, POSY, FLOOR_ID, TYPE) VALUES ('40faf39e-7821-475a-bb66-90b1a82795d3', 1116, 568, 'Faulkner2', 2);
INSERT INTO USER1.NODE (NODE_ID, POSX, POSY, FLOOR_ID, TYPE) VALUES ('60df7076-e166-4295-97fa-bce0ce84884a', 1229, 787, 'Faulkner2', 0);
INSERT INTO USER1.NODE (NODE_ID, POSX, POSY, FLOOR_ID, TYPE) VALUES ('942da01c-5627-4a19-9ccb-a56a88d5097b', 1144, 567, 'Faulkner4', 0);
INSERT INTO USER1.NODE (NODE_ID, POSX, POSY, FLOOR_ID, TYPE) VALUES ('a81244f5-b897-4d64-8400-dc1d0f97dcfe', 1145, 664, 'Faulkner4', 0);
INSERT INTO USER1.NODE (NODE_ID, POSX, POSY, FLOOR_ID, TYPE) VALUES ('9e30f06b-58a1-4dc1-a693-cde0997db975', 1174, 631, 'Faulkner4', 5);
INSERT INTO USER1.NODE (NODE_ID, POSX, POSY, FLOOR_ID, TYPE) VALUES ('ae3a11bf-17f2-438a-9d23-2a2123c92554', 1217, 537, 'Faulkner4', 5);
INSERT INTO USER1.NODE (NODE_ID, POSX, POSY, FLOOR_ID, TYPE) VALUES ('a6ccfdd4-e1d4-49a4-96f7-905f2c240486', 1111, 661, 'Faulkner4', 5);
INSERT INTO USER1.NODE (NODE_ID, POSX, POSY, FLOOR_ID, TYPE) VALUES ('bca834f2-a483-4194-8a8b-4d183fe481d9', 1219, 581, 'Faulkner4', 5);
INSERT INTO USER1.NODE (NODE_ID, POSX, POSY, FLOOR_ID, TYPE) VALUES ('63c81057-ea91-4220-be2d-312f8ffa8370', 1175, 678, 'Faulkner4', 5);
INSERT INTO USER1.NODE (NODE_ID, POSX, POSY, FLOOR_ID, TYPE) VALUES ('c91baa15-c82e-4ac3-9373-38de6912df34', 1124, 483, 'Faulkner4', 5);
INSERT INTO USER1.NODE (NODE_ID, POSX, POSY, FLOOR_ID, TYPE) VALUES ('6ec24763-6203-4816-b514-977b2bff4dae', 1171, 479, 'Faulkner4', 5);
INSERT INTO USER1.NODE (NODE_ID, POSX, POSY, FLOOR_ID, TYPE) VALUES ('22fec254-485f-4c08-a49d-58c001799e17', 1193, 522, 'Faulkner4', 0);
INSERT INTO USER1.NODE (NODE_ID, POSX, POSY, FLOOR_ID, TYPE) VALUES ('5a175031-7703-49a6-a749-d67c01df3346', 1167, 512, 'Faulkner4', 0);
INSERT INTO USER1.NODE (NODE_ID, POSX, POSY, FLOOR_ID, TYPE) VALUES ('b96a7883-23cc-440d-9ef3-76ebf635b314', 1195, 582, 'Faulkner4', 0);
INSERT INTO USER1.NODE (NODE_ID, POSX, POSY, FLOOR_ID, TYPE) VALUES ('9320bb7a-51e9-48e7-b758-d7020a5a3ba6', 1193, 539, 'Faulkner4', 0);
INSERT INTO USER1.NODE (NODE_ID, POSX, POSY, FLOOR_ID, TYPE) VALUES ('2f103203-faa0-4ec9-8db5-4de0afc0bf3c', 1145, 628, 'Faulkner4', 0);
INSERT INTO USER1.NODE (NODE_ID, POSX, POSY, FLOOR_ID, TYPE) VALUES ('eb47fd52-8725-4030-99cf-10b0a5d62eb0', 1131, 512, 'Faulkner4', 0);
INSERT INTO USER1.NODE (NODE_ID, POSX, POSY, FLOOR_ID, TYPE) VALUES ('56fdd031-5073-4279-99e1-e477116c0426', 1145, 512, 'Faulkner4', 0);
INSERT INTO USER1.NODE (NODE_ID, POSX, POSY, FLOOR_ID, TYPE) VALUES ('597e336c-3367-4cdb-bf92-384bc2d31719', 1114, 568, 'Faulkner4', 2);
INSERT INTO USER1.NODE (NODE_ID, POSX, POSY, FLOOR_ID, TYPE) VALUES ('5216253e-14a1-4a37-aed2-e18533b234c5', 1146, 679, 'Faulkner4', 0);
INSERT INTO USER1.NODE (NODE_ID, POSX, POSY, FLOOR_ID, TYPE) VALUES ('994b84e5-bcd4-48ca-ada7-a06b2df9bbbb', 1144, 736, 'Faulkner4', 0);
INSERT INTO USER1.NODE (NODE_ID, POSX, POSY, FLOOR_ID, TYPE) VALUES ('54ed032c-2de8-411b-8b89-554cd3c8fb3e', 1114.5, 568.5, 'Faulkner5', 2);
INSERT INTO USER1.DESTINATION (DEST_ID, NAME, NODE_ID, FLOOR_ID) VALUES ('1e5c8996-e064-4031-b68a-61ce618265b9', '3C', 'bf61c6b5-aeb5-401e-a1a8-f0f06f725df5', 'Faulkner3');
INSERT INTO USER1.DESTINATION (DEST_ID, NAME, NODE_ID, FLOOR_ID) VALUES ('9232b1e6-10eb-4f99-ab9a-a466efa43491', 'Huvos Auditorium', '422e28a0-2712-4769-8c90-2078778ca19b', 'Faulkner3');
INSERT INTO USER1.DESTINATION (DEST_ID, NAME, NODE_ID, FLOOR_ID) VALUES ('288c43ac-87b6-44bc-91a1-08fb39adce46', '3A', '125d35b5-712d-403b-9c84-8ae7587ed270', 'Faulkner3');
INSERT INTO USER1.DESTINATION (DEST_ID, NAME, NODE_ID, FLOOR_ID) VALUES ('61c2763d-9f55-45b9-8309-398c7cb47e21', 'Cafeteria', '31d28d02-d6f2-42b9-8000-2f1ed7b71304', 'Faulkner3');
INSERT INTO USER1.DESTINATION (DEST_ID, NAME, NODE_ID, FLOOR_ID) VALUES ('fab14054-1913-4561-9df1-c6cd5e431b9a', '3B', 'ad83486a-905a-41d9-9a90-f7b08025cc96', 'Faulkner3');
INSERT INTO USER1.DESTINATION (DEST_ID, NAME, NODE_ID, FLOOR_ID) VALUES ('905b31d0-e50f-47a7-a9af-fc8bd7a75b85', 'Gift Shop', '73d5c534-e4a0-48fd-af73-115c4b5337fc', 'Faulkner3');
INSERT INTO USER1.DESTINATION (DEST_ID, NAME, NODE_ID, FLOOR_ID) VALUES ('db32959e-b01b-43fb-adf2-e67c7b98b35f', '1st Floor', 'dcb5a1e3-a157-4e92-be3b-fa226aa06150', 'Faulkner1');
INSERT INTO USER1.DESTINATION (DEST_ID, NAME, NODE_ID, FLOOR_ID) VALUES ('9fbc7920-bef2-4c13-8954-c0fed89e8729', '2nd Floor', '65eae14a-675b-4159-a74f-3ba0f3a9b1bc', 'Faulkner2');
INSERT INTO USER1.DESTINATION (DEST_ID, NAME, NODE_ID, FLOOR_ID) VALUES ('e181a910-9d77-4ea3-94be-8dacdebbaf65', '2A', '1c99c761-cca3-494a-8a2f-2dd554baba9b', 'Faulkner2');
INSERT INTO USER1.DESTINATION (DEST_ID, NAME, NODE_ID, FLOOR_ID) VALUES ('6c367d10-6c97-4fb0-b6a0-2ef9d42a8cde', '4E', '9e30f06b-58a1-4dc1-a693-cde0997db975', 'Faulkner4');
INSERT INTO USER1.DESTINATION (DEST_ID, NAME, NODE_ID, FLOOR_ID) VALUES ('c573b709-d889-4732-8520-a40b6c6252bf', '4C', 'ae3a11bf-17f2-438a-9d23-2a2123c92554', 'Faulkner4');
INSERT INTO USER1.DESTINATION (DEST_ID, NAME, NODE_ID, FLOOR_ID) VALUES ('d7b1731b-63c7-4c75-aedc-39245e1ba155', '4G', 'a6ccfdd4-e1d4-49a4-96f7-905f2c240486', 'Faulkner4');
INSERT INTO USER1.DESTINATION (DEST_ID, NAME, NODE_ID, FLOOR_ID) VALUES ('4eea0294-1efa-4d87-97c3-ad3a5398fb0d', '4D', 'bca834f2-a483-4194-8a8b-4d183fe481d9', 'Faulkner4');
INSERT INTO USER1.DESTINATION (DEST_ID, NAME, NODE_ID, FLOOR_ID) VALUES ('dfede8d7-7f73-4f09-b2ef-8d00ba4d6819', '4H', '63c81057-ea91-4220-be2d-312f8ffa8370', 'Faulkner4');
INSERT INTO USER1.DESTINATION (DEST_ID, NAME, NODE_ID, FLOOR_ID) VALUES ('93d0b3c1-8bba-4240-8b0a-6f07130b1bed', '4A', 'c91baa15-c82e-4ac3-9373-38de6912df34', 'Faulkner4');
INSERT INTO USER1.DESTINATION (DEST_ID, NAME, NODE_ID, FLOOR_ID) VALUES ('4e13132a-136e-40f0-9c3c-6e7f087e8d97', '4B', '6ec24763-6203-4816-b514-977b2bff4dae', 'Faulkner4');
INSERT INTO USER1.EDGE (EDGE_ID, NODEA, NODEB, COST, FLOOR_ID) VALUES (1, '488574a5-fc4b-405d-a5e8-0905bbce25b2', '8dcfabb8-1203-461a-9419-b1101fa9f8fb', 200, 'Faulkner3');
INSERT INTO USER1.EDGE (EDGE_ID, NODEA, NODEB, COST, FLOOR_ID) VALUES (2, '8dcfabb8-1203-461a-9419-b1101fa9f8fb', '8fe2b1b2-7d0f-4367-a3cb-45a70c42f31e', 19, 'Faulkner3');
INSERT INTO USER1.EDGE (EDGE_ID, NODEA, NODEB, COST, FLOOR_ID) VALUES (3, '8fe2b1b2-7d0f-4367-a3cb-45a70c42f31e', '876ee78c-45c5-4bd6-b7a8-d6e74eac641e', 29, 'Faulkner3');
INSERT INTO USER1.EDGE (EDGE_ID, NODEA, NODEB, COST, FLOOR_ID) VALUES (4, '488574a5-fc4b-405d-a5e8-0905bbce25b2', '73d5c534-e4a0-48fd-af73-115c4b5337fc', 69, 'Faulkner3');
INSERT INTO USER1.EDGE (EDGE_ID, NODEA, NODEB, COST, FLOOR_ID) VALUES (5, '876ee78c-45c5-4bd6-b7a8-d6e74eac641e', '422e28a0-2712-4769-8c90-2078778ca19b', 22, 'Faulkner3');
INSERT INTO USER1.EDGE (EDGE_ID, NODEA, NODEB, COST, FLOOR_ID) VALUES (6, '8dcfabb8-1203-461a-9419-b1101fa9f8fb', '31d28d02-d6f2-42b9-8000-2f1ed7b71304', 52, 'Faulkner3');
INSERT INTO USER1.EDGE (EDGE_ID, NODEA, NODEB, COST, FLOOR_ID) VALUES (7, '8fe2b1b2-7d0f-4367-a3cb-45a70c42f31e', '0b3c9429-e754-47e6-8c76-9ff0e971a314', 95, 'Faulkner3');
INSERT INTO USER1.EDGE (EDGE_ID, NODEA, NODEB, COST, FLOOR_ID) VALUES (8, '0b3c9429-e754-47e6-8c76-9ff0e971a314', 'de9ab597-c31e-4cc3-9813-38deee514db8', 19, 'Faulkner3');
INSERT INTO USER1.EDGE (EDGE_ID, NODEA, NODEB, COST, FLOOR_ID) VALUES (9, 'de9ab597-c31e-4cc3-9813-38deee514db8', '7ac7edf0-4bbf-425e-830e-2f5212fdbbd2', 91, 'Faulkner3');
INSERT INTO USER1.EDGE (EDGE_ID, NODEA, NODEB, COST, FLOOR_ID) VALUES (10, '7ac7edf0-4bbf-425e-830e-2f5212fdbbd2', '125d35b5-712d-403b-9c84-8ae7587ed270', 32, 'Faulkner3');
INSERT INTO USER1.EDGE (EDGE_ID, NODEA, NODEB, COST, FLOOR_ID) VALUES (11, '7ac7edf0-4bbf-425e-830e-2f5212fdbbd2', '76de67e4-6817-49f4-b5c6-ba73395d350c', 30, 'Faulkner3');
INSERT INTO USER1.EDGE (EDGE_ID, NODEA, NODEB, COST, FLOOR_ID) VALUES (12, '76de67e4-6817-49f4-b5c6-ba73395d350c', 'fa6cb0b5-3b21-4d88-94e0-ee4d59434414', 17, 'Faulkner3');
INSERT INTO USER1.EDGE (EDGE_ID, NODEA, NODEB, COST, FLOOR_ID) VALUES (13, 'fa6cb0b5-3b21-4d88-94e0-ee4d59434414', 'bf61c6b5-aeb5-401e-a1a8-f0f06f725df5', 31, 'Faulkner3');
INSERT INTO USER1.EDGE (EDGE_ID, NODEA, NODEB, COST, FLOOR_ID) VALUES (14, '76de67e4-6817-49f4-b5c6-ba73395d350c', 'ad83486a-905a-41d9-9a90-f7b08025cc96', 28, 'Faulkner3');
INSERT INTO USER1.EDGE (EDGE_ID, NODEA, NODEB, COST, FLOOR_ID) VALUES (15, '9deb646c-132c-4808-abfb-32a578d3bb9e', '6f4bd0a3-c46b-48a9-b424-56a7864228e8', 145, 'Faulkner1');
INSERT INTO USER1.EDGE (EDGE_ID, NODEA, NODEB, COST, FLOOR_ID) VALUES (16, '6f4bd0a3-c46b-48a9-b424-56a7864228e8', 'dcb5a1e3-a157-4e92-be3b-fa226aa06150', 49, 'Faulkner1');
INSERT INTO USER1.EDGE (EDGE_ID, NODEA, NODEB, COST, FLOOR_ID) VALUES (17, '65eae14a-675b-4159-a74f-3ba0f3a9b1bc', '3a633eb1-7768-4c78-8b0a-5f6f6c0321fd', 32, 'Faulkner2');
INSERT INTO USER1.EDGE (EDGE_ID, NODEA, NODEB, COST, FLOOR_ID) VALUES (18, '3a633eb1-7768-4c78-8b0a-5f6f6c0321fd', '75434a04-f38e-45f6-b980-941ef89755fa', 46, 'Faulkner2');
INSERT INTO USER1.EDGE (EDGE_ID, NODEA, NODEB, COST, FLOOR_ID) VALUES (19, '75434a04-f38e-45f6-b980-941ef89755fa', '9c6aa3d6-cb02-4548-ba88-0e0c748e01cc', 14, 'Faulkner2');
INSERT INTO USER1.EDGE (EDGE_ID, NODEA, NODEB, COST, FLOOR_ID) VALUES (20, '9c6aa3d6-cb02-4548-ba88-0e0c748e01cc', 'a5fc575f-9891-4d0f-b376-7eae9a827bbc', 37, 'Faulkner2');
INSERT INTO USER1.EDGE (EDGE_ID, NODEA, NODEB, COST, FLOOR_ID) VALUES (21, 'a5fc575f-9891-4d0f-b376-7eae9a827bbc', '60df7076-e166-4295-97fa-bce0ce84884a', 172, 'Faulkner2');
INSERT INTO USER1.EDGE (EDGE_ID, NODEA, NODEB, COST, FLOOR_ID) VALUES (22, '60df7076-e166-4295-97fa-bce0ce84884a', '1c99c761-cca3-494a-8a2f-2dd554baba9b', 27, 'Faulkner2');
INSERT INTO USER1.EDGE (EDGE_ID, NODEA, NODEB, COST, FLOOR_ID) VALUES (23, '5a175031-7703-49a6-a749-d67c01df3346', '6ec24763-6203-4816-b514-977b2bff4dae', 33, 'Faulkner4');
INSERT INTO USER1.EDGE (EDGE_ID, NODEA, NODEB, COST, FLOOR_ID) VALUES (24, '9320bb7a-51e9-48e7-b758-d7020a5a3ba6', 'ae3a11bf-17f2-438a-9d23-2a2123c92554', 24, 'Faulkner4');
INSERT INTO USER1.EDGE (EDGE_ID, NODEA, NODEB, COST, FLOOR_ID) VALUES (25, 'b96a7883-23cc-440d-9ef3-76ebf635b314', 'bca834f2-a483-4194-8a8b-4d183fe481d9', 24, 'Faulkner4');
INSERT INTO USER1.EDGE (EDGE_ID, NODEA, NODEB, COST, FLOOR_ID) VALUES (26, '994b84e5-bcd4-48ca-ada7-a06b2df9bbbb', '5216253e-14a1-4a37-aed2-e18533b234c5', 57, 'Faulkner4');
INSERT INTO USER1.EDGE (EDGE_ID, NODEA, NODEB, COST, FLOOR_ID) VALUES (27, '5216253e-14a1-4a37-aed2-e18533b234c5', 'a81244f5-b897-4d64-8400-dc1d0f97dcfe', 15, 'Faulkner4');
INSERT INTO USER1.EDGE (EDGE_ID, NODEA, NODEB, COST, FLOOR_ID) VALUES (28, 'a81244f5-b897-4d64-8400-dc1d0f97dcfe', '2f103203-faa0-4ec9-8db5-4de0afc0bf3c', 36, 'Faulkner4');
INSERT INTO USER1.EDGE (EDGE_ID, NODEA, NODEB, COST, FLOOR_ID) VALUES (29, '2f103203-faa0-4ec9-8db5-4de0afc0bf3c', '942da01c-5627-4a19-9ccb-a56a88d5097b', 61, 'Faulkner4');
INSERT INTO USER1.EDGE (EDGE_ID, NODEA, NODEB, COST, FLOOR_ID) VALUES (30, '942da01c-5627-4a19-9ccb-a56a88d5097b', '56fdd031-5073-4279-99e1-e477116c0426', 55, 'Faulkner4');
INSERT INTO USER1.EDGE (EDGE_ID, NODEA, NODEB, COST, FLOOR_ID) VALUES (31, '56fdd031-5073-4279-99e1-e477116c0426', 'eb47fd52-8725-4030-99cf-10b0a5d62eb0', 14, 'Faulkner4');
INSERT INTO USER1.EDGE (EDGE_ID, NODEA, NODEB, COST, FLOOR_ID) VALUES (32, '56fdd031-5073-4279-99e1-e477116c0426', '5a175031-7703-49a6-a749-d67c01df3346', 22, 'Faulkner4');
INSERT INTO USER1.EDGE (EDGE_ID, NODEA, NODEB, COST, FLOOR_ID) VALUES (33, '5a175031-7703-49a6-a749-d67c01df3346', '22fec254-485f-4c08-a49d-58c001799e17', 27, 'Faulkner4');
INSERT INTO USER1.EDGE (EDGE_ID, NODEA, NODEB, COST, FLOOR_ID) VALUES (34, '22fec254-485f-4c08-a49d-58c001799e17', '9320bb7a-51e9-48e7-b758-d7020a5a3ba6', 17, 'Faulkner4');
INSERT INTO USER1.EDGE (EDGE_ID, NODEA, NODEB, COST, FLOOR_ID) VALUES (35, '9320bb7a-51e9-48e7-b758-d7020a5a3ba6', 'b96a7883-23cc-440d-9ef3-76ebf635b314', 43, 'Faulkner4');
INSERT INTO USER1.EDGE (EDGE_ID, NODEA, NODEB, COST, FLOOR_ID) VALUES (36, '5216253e-14a1-4a37-aed2-e18533b234c5', '63c81057-ea91-4220-be2d-312f8ffa8370', 29, 'Faulkner4');
INSERT INTO USER1.EDGE (EDGE_ID, NODEA, NODEB, COST, FLOOR_ID) VALUES (37, 'a81244f5-b897-4d64-8400-dc1d0f97dcfe', 'a6ccfdd4-e1d4-49a4-96f7-905f2c240486', 34, 'Faulkner4');
INSERT INTO USER1.EDGE (EDGE_ID, NODEA, NODEB, COST, FLOOR_ID) VALUES (38, '2f103203-faa0-4ec9-8db5-4de0afc0bf3c', '9e30f06b-58a1-4dc1-a693-cde0997db975', 29, 'Faulkner4');
INSERT INTO USER1.EDGE (EDGE_ID, NODEA, NODEB, COST, FLOOR_ID) VALUES (39, 'eb47fd52-8725-4030-99cf-10b0a5d62eb0', 'c91baa15-c82e-4ac3-9373-38de6912df34', 29, 'Faulkner4');
INSERT INTO USER1.DEST_DOC (DEST_ID, DOC_ID) VALUES ('288c43ac-87b6-44bc-91a1-08fb39adce46', '00000000-0000-0000-0000-000000000004');
INSERT INTO USER1.DEST_DOC (DEST_ID, DOC_ID) VALUES ('fab14054-1913-4561-9df1-c6cd5e431b9a', '00000000-0000-0000-0000-000000000087');
INSERT INTO USER1.DEST_DOC (DEST_ID, DOC_ID) VALUES ('93d0b3c1-8bba-4240-8b0a-6f07130b1bed', '944acd94-2f93-490e-8544-8f0e3e64aef8');
INSERT INTO USER1.DEST_DOC (DEST_ID, DOC_ID) VALUES ('db32959e-b01b-43fb-adf2-e67c7b98b35f', '944acd94-2f93-490e-8544-8f0e3e64aef8');
INSERT INTO USER1.DEST_DOC (DEST_ID, DOC_ID) VALUES ('4e13132a-136e-40f0-9c3c-6e7f087e8d97', '944acd94-2f93-490e-8544-8f0e3e64aef8');
INSERT INTO USER1.OFFICES (OFFICE_ID, NAME, DEST_ID) VALUES ('4e13132a-136e-40f0-9c3c-6e7f087e8d97', '4B', '4e13132a-136e-40f0-9c3c-6e7f087e8d97');
INSERT INTO USER1.OFFICES (OFFICE_ID, NAME, DEST_ID) VALUES ('d5e8653f-ef0a-4f5a-abf2-8b9b66c0448e', 'Offices', '288c43ac-87b6-44bc-91a1-08fb39adce46');