DROP TABLE USER1.DEST_DOC;
DROP TABLE USER1.EDGE;
DROP TABLE USER1.OFFICES;
DROP TABLE USER1.DOCTOR;
DROP TABLE USER1.DESTINATION;
DROP TABLE USER1.NODE;
DROP TABLE USER1.FLOOR;
DROP TABLE USER1.BUILDING;

CREATE TABLE BUILDING
(
  BUILDING_ID INT PRIMARY KEY NOT NULL,
  NAME VARCHAR(100)
);

CREATE TABLE DOCTOR
(
  DOC_ID CHAR(36) PRIMARY KEY NOT NULL,
  NAME VARCHAR(50),
  DESCRIPTION VARCHAR(20),
  NUMBER VARCHAR(20),
  HOURS VARCHAR(20)
);

CREATE TABLE FLOOR
(
  FLOOR_ID VARCHAR(25) PRIMARY KEY NOT NULL,
  BUILDING_ID INT,
  NUMBER INT,
  IMAGE VARCHAR(75),
  CONSTRAINT FLOOR_BUILDING_BUILDING_ID_FK FOREIGN KEY (BUILDING_ID) REFERENCES BUILDING (BUILDING_ID)
);

CREATE TABLE NODE
(
  NODE_ID CHAR(36) PRIMARY KEY NOT NULL,
  POSX FLOAT(52),
  POSY FLOAT(52),
  FLOOR_ID VARCHAR(25),
  TYPE INT,
  CONSTRAINT NODE_FLOOR_FLOOR_ID_FK FOREIGN KEY (FLOOR_ID) REFERENCES FLOOR (FLOOR_ID)
);

CREATE TABLE CAMPUS
(
    NODE_ID CHAR(36),
    DIRECTION VARCHAR(5),
    CONSTRAINT CAMPUS_NODE_NODE_ID_FK FOREIGN KEY (NODE_ID) REFERENCES NODE (NODE_ID)
);

CREATE TABLE EDGE
(
  EDGE_ID INT PRIMARY KEY NOT NULL,
  NODEA CHAR(36),
  NODEB CHAR(36),
  COST FLOAT(52),
  FLOOR_ID VARCHAR(25),
  CONSTRAINT EDGE_NODE_NODE_ID_FKA FOREIGN KEY (NODEA) REFERENCES NODE (NODE_ID),
  CONSTRAINT EDGE_NODE_NODE_ID_FKB FOREIGN KEY (NODEB) REFERENCES NODE (NODE_ID),
  CONSTRAINT EDGE_FLOOR_FLOOR_ID_FK FOREIGN KEY (FLOOR_ID) REFERENCES FLOOR (FLOOR_ID)
);

CREATE TABLE DESTINATION
(
  DEST_ID CHAR(36) PRIMARY KEY NOT NULL,
  NAME VARCHAR(200),
  NODE_ID CHAR(36),
  FLOOR_ID VARCHAR(25),
  CONSTRAINT DESTINATION_NODE_NODE_ID_FK FOREIGN KEY (NODE_ID) REFERENCES NODE (NODE_ID),
  CONSTRAINT DESTINATION_FLOOR_FLOOR_ID_FK FOREIGN KEY (FLOOR_ID) REFERENCES FLOOR (FLOOR_ID)
);

CREATE TABLE OFFICES
(
  OFFICE_ID CHAR(36) PRIMARY KEY NOT NULL,
  NAME VARCHAR(200),
  DEST_ID CHAR(36),
  CONSTRAINT OFFICES_DESTINATION_DESTINATION_ID_FK FOREIGN KEY (DEST_ID) REFERENCES DESTINATION (DEST_ID)
);

CREATE TABLE DEST_DOC
(
  DEST_ID CHAR(36),
  DOC_ID CHAR(36),
  CONSTRAINT DESTINATION_DOC_DESTINATION_DESTINATION_ID_FK1 FOREIGN KEY (DEST_ID) REFERENCES DESTINATION (DEST_ID),
  CONSTRAINT DESTINATION_DOC_DOCTOR_DOCTOR_ID_FK2 FOREIGN KEY (DOC_ID) REFERENCES DOCTOR (DOC_ID)
);


INSERT INTO USER1.BUILDING (BUILDING_ID, NAME) VALUES (1, 'Faulkner');
INSERT INTO USER1.BUILDING (BUILDING_ID, NAME) VALUES (2, 'Belkin');

INSERT INTO USER1.DOCTOR (DOC_ID, NAME, DESCRIPTION, NUMBER, HOURS) VALUES ('00000000-0000-0000-0000-000000000001', 'Bachman, William', 'MD', '', '3:30 - 10:30');
INSERT INTO USER1.DOCTOR (DOC_ID, NAME, DESCRIPTION, NUMBER, HOURS) VALUES ('00000000-0000-0000-0000-000000000002', 'Epstein, Lawrence', 'MD', '', '7:00 - 3:00');
INSERT INTO USER1.DOCTOR (DOC_ID, NAME, DESCRIPTION, NUMBER, HOURS) VALUES ('00000000-0000-0000-0000-000000000003', 'Stacks, Robert', 'MD', '', '12:00 - 8:00');
INSERT INTO USER1.DOCTOR (DOC_ID, NAME, DESCRIPTION, NUMBER, HOURS) VALUES ('00000000-0000-0000-0000-000000000004', 'Healy, Barbara', 'RN', '', '5:00 - 1:00');
INSERT INTO USER1.DOCTOR (DOC_ID, NAME, DESCRIPTION, NUMBER, HOURS) VALUES ('00000000-0000-0000-0000-000000000005', 'Morrison, Beverly', 'MD', '', '10:00 - 7:00');
INSERT INTO USER1.DOCTOR (DOC_ID, NAME, DESCRIPTION, NUMBER, HOURS) VALUES ('00000000-0000-0000-0000-000000000006', 'Monaghan, Colleen', 'MD', '', '5:00 - 1:00');
INSERT INTO USER1.DOCTOR (DOC_ID, NAME, DESCRIPTION, NUMBER, HOURS) VALUES ('00000000-0000-0000-0000-000000000007', 'Malone, Linda', 'DNP, RN, CPNP', '', '2:00 - 12:00');
INSERT INTO USER1.DOCTOR (DOC_ID, NAME, DESCRIPTION, NUMBER, HOURS) VALUES ('00000000-0000-0000-0000-000000000008', 'Hinton, Nadia', 'RDN, LDN', '', '2:00 - 12:00');
INSERT INTO USER1.DOCTOR (DOC_ID, NAME, DESCRIPTION, NUMBER, HOURS) VALUES ('00000000-0000-0000-0000-000000000009', 'Quan, Stuart', 'MD', '', '2:00 - 12:00');
INSERT INTO USER1.DOCTOR (DOC_ID, NAME, DESCRIPTION, NUMBER, HOURS) VALUES ('00000000-0000-0000-0000-000000000010', 'Savage, Robert', 'MD', '', '8:00 - 4:00');
INSERT INTO USER1.DOCTOR (DOC_ID, NAME, DESCRIPTION, NUMBER, HOURS) VALUES ('00000000-0000-0000-0000-000000000011', 'Walsh Samp, Kathy', 'LICSW', '', '8:00 - 4:00');
INSERT INTO USER1.DOCTOR (DOC_ID, NAME, DESCRIPTION, NUMBER, HOURS) VALUES ('00000000-0000-0000-0000-000000000012', 'Fitz, Wolfgang', 'MD', '', '6:00 - 2:00');
INSERT INTO USER1.DOCTOR (DOC_ID, NAME, DESCRIPTION, NUMBER, HOURS) VALUES ('00000000-0000-0000-0000-000000000013', 'Kleifield, Allison', 'PA-C', '', '5:00 - 1:00');
INSERT INTO USER1.DOCTOR (DOC_ID, NAME, DESCRIPTION, NUMBER, HOURS) VALUES ('00000000-0000-0000-0000-000000000014', 'Pilgrim, David', 'MD', '', '8:00 - 4:00');
INSERT INTO USER1.DOCTOR (DOC_ID, NAME, DESCRIPTION, NUMBER, HOURS) VALUES ('00000000-0000-0000-0000-000000000015', 'Davidson, Paul', 'PhD', '', '3:00 - 11:00');
INSERT INTO USER1.DOCTOR (DOC_ID, NAME, DESCRIPTION, NUMBER, HOURS) VALUES ('00000000-0000-0000-0000-000000000016', 'Smith, Shannon', 'MD', '', '5:00 - 1:00');
INSERT INTO USER1.DOCTOR (DOC_ID, NAME, DESCRIPTION, NUMBER, HOURS) VALUES ('00000000-0000-0000-0000-000000000017', 'Jeselsohn, Rinath', 'MD', '', '2:00 - 12:00');
INSERT INTO USER1.DOCTOR (DOC_ID, NAME, DESCRIPTION, NUMBER, HOURS) VALUES ('00000000-0000-0000-0000-000000000018', 'Lahair, Tracy', 'PA-C', '', '3:30 - 10:30');
INSERT INTO USER1.DOCTOR (DOC_ID, NAME, DESCRIPTION, NUMBER, HOURS) VALUES ('00000000-0000-0000-0000-000000000019', 'Irani, Jennifer', 'MD', '', '3:00 - 11:00');
INSERT INTO USER1.DOCTOR (DOC_ID, NAME, DESCRIPTION, NUMBER, HOURS) VALUES ('00000000-0000-0000-0000-000000000020', 'Earp, Brandon', 'MD', '', '3:00 - 11:00');
INSERT INTO USER1.DOCTOR (DOC_ID, NAME, DESCRIPTION, NUMBER, HOURS) VALUES ('00000000-0000-0000-0000-000000000021', 'Robinson, Malcolm', 'MD', '', '6:00 - 2:00');
INSERT INTO USER1.DOCTOR (DOC_ID, NAME, DESCRIPTION, NUMBER, HOURS) VALUES ('00000000-0000-0000-0000-000000000022', 'Matzkin, Elizabeth', 'MD', '', '8:00 - 4:00');
INSERT INTO USER1.DOCTOR (DOC_ID, NAME, DESCRIPTION, NUMBER, HOURS) VALUES ('00000000-0000-0000-0000-000000000023', 'Alqueza, Arnold', 'MD', '', '8:00 - 4:00');
INSERT INTO USER1.DOCTOR (DOC_ID, NAME, DESCRIPTION, NUMBER, HOURS) VALUES ('00000000-0000-0000-0000-000000000024', 'Hergrueter, Charles', 'MD', '', '1:00 - 11:00');
INSERT INTO USER1.DOCTOR (DOC_ID, NAME, DESCRIPTION, NUMBER, HOURS) VALUES ('00000000-0000-0000-0000-000000000025', 'Higgins, Laurence', 'MD', '', '10:00 - 7:00');
INSERT INTO USER1.DOCTOR (DOC_ID, NAME, DESCRIPTION, NUMBER, HOURS) VALUES ('00000000-0000-0000-0000-000000000026', 'Lauretti, Linda', 'MD', '', '2:00 - 12:00');
INSERT INTO USER1.DOCTOR (DOC_ID, NAME, DESCRIPTION, NUMBER, HOURS) VALUES ('00000000-0000-0000-0000-000000000027', 'Mathew, Paul', 'MD', '', '5:30 - 4:00');
INSERT INTO USER1.DOCTOR (DOC_ID, NAME, DESCRIPTION, NUMBER, HOURS) VALUES ('00000000-0000-0000-0000-000000000028', 'Wickner, Paige', 'MD', '', '5:00 - 1:00');
INSERT INTO USER1.DOCTOR (DOC_ID, NAME, DESCRIPTION, NUMBER, HOURS) VALUES ('00000000-0000-0000-0000-000000000029', 'Bluman, Eric', 'MD', '', '1:00 - 11:00');
INSERT INTO USER1.DOCTOR (DOC_ID, NAME, DESCRIPTION, NUMBER, HOURS) VALUES ('00000000-0000-0000-0000-000000000030', 'Lilly, Leonard Stuart', 'MD', '', '3:30 - 10:30');
INSERT INTO USER1.DOCTOR (DOC_ID, NAME, DESCRIPTION, NUMBER, HOURS) VALUES ('00000000-0000-0000-0000-000000000031', 'Groden, Joseph', 'MD', '', '3:00 - 11:00');
INSERT INTO USER1.DOCTOR (DOC_ID, NAME, DESCRIPTION, NUMBER, HOURS) VALUES ('00000000-0000-0000-0000-000000000032', 'Kornack, Fulton', 'MD', '', '7:00 - 3:00');
INSERT INTO USER1.DOCTOR (DOC_ID, NAME, DESCRIPTION, NUMBER, HOURS) VALUES ('00000000-0000-0000-0000-000000000033', 'Owens, Lisa Michelle', 'MD', '', '12:00 - 8:00');
INSERT INTO USER1.DOCTOR (DOC_ID, NAME, DESCRIPTION, NUMBER, HOURS) VALUES ('00000000-0000-0000-0000-000000000034', 'Javaheri, Sogol', 'MD', '', '7:00 - 3:00');
INSERT INTO USER1.DOCTOR (DOC_ID, NAME, DESCRIPTION, NUMBER, HOURS) VALUES ('00000000-0000-0000-0000-000000000035', 'OHare, Kitty', 'MD', '', '7:00 - 3:00');
INSERT INTO USER1.DOCTOR (DOC_ID, NAME, DESCRIPTION, NUMBER, HOURS) VALUES ('00000000-0000-0000-0000-000000000036', 'Cochrane, Thomas', 'MD', '', '1:00 - 11:00');
INSERT INTO USER1.DOCTOR (DOC_ID, NAME, DESCRIPTION, NUMBER, HOURS) VALUES ('00000000-0000-0000-0000-000000000037', 'Shah, Amil', 'MD', '', '2:00 - 12:00');
INSERT INTO USER1.DOCTOR (DOC_ID, NAME, DESCRIPTION, NUMBER, HOURS) VALUES ('00000000-0000-0000-0000-000000000038', 'Bartool-Anwar, Salma', 'MD, MPH', '', '2:00 - 12:00');
INSERT INTO USER1.DOCTOR (DOC_ID, NAME, DESCRIPTION, NUMBER, HOURS) VALUES ('00000000-0000-0000-0000-000000000039', 'Ramirez, Alberto', 'MD', '', '8:00 - 4:00');
INSERT INTO USER1.DOCTOR (DOC_ID, NAME, DESCRIPTION, NUMBER, HOURS) VALUES ('00000000-0000-0000-0000-000000000040', 'Lahive, Karen', 'MD', '', '12:00 - 8:00');
INSERT INTO USER1.DOCTOR (DOC_ID, NAME, DESCRIPTION, NUMBER, HOURS) VALUES ('00000000-0000-0000-0000-000000000041', 'Cua, Christopher', 'MD', '', '8:00 - 4:00');
INSERT INTO USER1.DOCTOR (DOC_ID, NAME, DESCRIPTION, NUMBER, HOURS) VALUES ('00000000-0000-0000-0000-000000000042', 'Friedman, Pamela', 'PsyD, ABPP', '', '3:00 - 11:00');
INSERT INTO USER1.DOCTOR (DOC_ID, NAME, DESCRIPTION, NUMBER, HOURS) VALUES ('00000000-0000-0000-0000-000000000043', 'Micley, Bruce', 'MD', '', '5:30 - 4:00');
INSERT INTO USER1.DOCTOR (DOC_ID, NAME, DESCRIPTION, NUMBER, HOURS) VALUES ('00000000-0000-0000-0000-000000000044', 'Halperin, Florencia', 'MD', '', '10:00 - 7:00');
INSERT INTO USER1.DOCTOR (DOC_ID, NAME, DESCRIPTION, NUMBER, HOURS) VALUES ('00000000-0000-0000-0000-000000000045', 'Horowitz, Sandra', 'MD', '', '5:00 - 1:00');
INSERT INTO USER1.DOCTOR (DOC_ID, NAME, DESCRIPTION, NUMBER, HOURS) VALUES ('00000000-0000-0000-0000-000000000046', 'Halvorson, Eric', 'MD', '', '2:00 - 12:00');
INSERT INTO USER1.DOCTOR (DOC_ID, NAME, DESCRIPTION, NUMBER, HOURS) VALUES ('00000000-0000-0000-0000-000000000047', 'Kramer, Justine', 'PA-C', '', '10:00 - 7:00');
INSERT INTO USER1.DOCTOR (DOC_ID, NAME, DESCRIPTION, NUMBER, HOURS) VALUES ('00000000-0000-0000-0000-000000000048', 'Patten, James', 'MD', '', '7:30 - 4:30');
INSERT INTO USER1.DOCTOR (DOC_ID, NAME, DESCRIPTION, NUMBER, HOURS) VALUES ('00000000-0000-0000-0000-000000000049', 'White, David', 'MD', '', '2:00 - 12:00');
INSERT INTO USER1.DOCTOR (DOC_ID, NAME, DESCRIPTION, NUMBER, HOURS) VALUES ('00000000-0000-0000-0000-000000000050', 'Sweeney, Michael', 'MD', '', '3:30 - 10:30');
INSERT INTO USER1.DOCTOR (DOC_ID, NAME, DESCRIPTION, NUMBER, HOURS) VALUES ('00000000-0000-0000-0000-000000000051', 'Drew, Michael', 'MD', '', '1:00 - 11:00');
INSERT INTO USER1.DOCTOR (DOC_ID, NAME, DESCRIPTION, NUMBER, HOURS) VALUES ('00000000-0000-0000-0000-000000000052', 'Nelson, Ehren', 'MD', '', '2:00 - 12:00');
INSERT INTO USER1.DOCTOR (DOC_ID, NAME, DESCRIPTION, NUMBER, HOURS) VALUES ('00000000-0000-0000-0000-000000000053', 'Schissel, Scott', 'MD', '', '9:00 - 5:00');
INSERT INTO USER1.DOCTOR (DOC_ID, NAME, DESCRIPTION, NUMBER, HOURS) VALUES ('00000000-0000-0000-0000-000000000054', 'Byrne, Jennifer', 'RN, CPNP', '', '8:00 - 4:00');
INSERT INTO USER1.DOCTOR (DOC_ID, NAME, DESCRIPTION, NUMBER, HOURS) VALUES ('00000000-0000-0000-0000-000000000055', 'Greenberg, James Adam', 'MD', '', '8:00 - 4:00');
INSERT INTO USER1.DOCTOR (DOC_ID, NAME, DESCRIPTION, NUMBER, HOURS) VALUES ('00000000-0000-0000-0000-000000000056', 'Altschul, Nomee', 'PA-C', '', '3:00 - 11:00');
INSERT INTO USER1.DOCTOR (DOC_ID, NAME, DESCRIPTION, NUMBER, HOURS) VALUES ('00000000-0000-0000-0000-000000000057', 'Chun, Yoon Sun', 'MD', '', '10:00 - 7:00');
INSERT INTO USER1.DOCTOR (DOC_ID, NAME, DESCRIPTION, NUMBER, HOURS) VALUES ('00000000-0000-0000-0000-000000000058', 'Eatman, Arlan', 'LCSW', '', '5:00 - 1:00');
INSERT INTO USER1.DOCTOR (DOC_ID, NAME, DESCRIPTION, NUMBER, HOURS) VALUES ('00000000-0000-0000-0000-000000000059', 'Howard, Neal Anthony', 'LICSW', '', '5:30 - 4:00');
INSERT INTO USER1.DOCTOR (DOC_ID, NAME, DESCRIPTION, NUMBER, HOURS) VALUES ('00000000-0000-0000-0000-000000000060', 'Steele, Graeme', 'MD', '', '2:00 - 12:00');
INSERT INTO USER1.DOCTOR (DOC_ID, NAME, DESCRIPTION, NUMBER, HOURS) VALUES ('00000000-0000-0000-0000-000000000061', 'Fromson, John', 'MD', '', '5:00 - 1:00');
INSERT INTO USER1.DOCTOR (DOC_ID, NAME, DESCRIPTION, NUMBER, HOURS) VALUES ('00000000-0000-0000-0000-000000000062', 'Khaodhiar, Lalita', 'MD', '', '8:00 - 4:00');
INSERT INTO USER1.DOCTOR (DOC_ID, NAME, DESCRIPTION, NUMBER, HOURS) VALUES ('00000000-0000-0000-0000-000000000063', 'Keller, Beth', 'RN, PsyD', '', '2:00 - 12:00');
INSERT INTO USER1.DOCTOR (DOC_ID, NAME, DESCRIPTION, NUMBER, HOURS) VALUES ('00000000-0000-0000-0000-000000000064', 'Harris, Mitchel', 'MD', '', '2:00 - 12:00');
INSERT INTO USER1.DOCTOR (DOC_ID, NAME, DESCRIPTION, NUMBER, HOURS) VALUES ('00000000-0000-0000-0000-000000000065', 'Rangel, Erika', 'MD', '', '7:30 - 4:30');
INSERT INTO USER1.DOCTOR (DOC_ID, NAME, DESCRIPTION, NUMBER, HOURS) VALUES ('00000000-0000-0000-0000-000000000066', 'Caterson, Stephanie', 'MD', '', '2:00 - 12:00');
INSERT INTO USER1.DOCTOR (DOC_ID, NAME, DESCRIPTION, NUMBER, HOURS) VALUES ('00000000-0000-0000-0000-000000000067', 'Miner, Julie', 'MD', '', '7:30 - 4:30');
INSERT INTO USER1.DOCTOR (DOC_ID, NAME, DESCRIPTION, NUMBER, HOURS) VALUES ('00000000-0000-0000-0000-000000000068', 'Novak, Peter', 'MD', '', '8:00 - 4:00');
INSERT INTO USER1.DOCTOR (DOC_ID, NAME, DESCRIPTION, NUMBER, HOURS) VALUES ('00000000-0000-0000-0000-000000000069', 'Schmults, Chrysalyne', 'MD', '', '3:30 - 10:30');
INSERT INTO USER1.DOCTOR (DOC_ID, NAME, DESCRIPTION, NUMBER, HOURS) VALUES ('00000000-0000-0000-0000-000000000070', 'Todd, Derrick', 'MD, PhD', '', '6:00 - 2:00');
INSERT INTO USER1.DOCTOR (DOC_ID, NAME, DESCRIPTION, NUMBER, HOURS) VALUES ('00000000-0000-0000-0000-000000000071', 'Bernstein, Carolyn', 'MD', '', '5:00 - 1:00');
INSERT INTO USER1.DOCTOR (DOC_ID, NAME, DESCRIPTION, NUMBER, HOURS) VALUES ('00000000-0000-0000-0000-000000000072', 'Sharma, Niraj', 'MD', '', '5:30 - 4:00');
INSERT INTO USER1.DOCTOR (DOC_ID, NAME, DESCRIPTION, NUMBER, HOURS) VALUES ('00000000-0000-0000-0000-000000000073', 'Dawson, Courtney', 'MD', '', '5:00 - 1:00');
INSERT INTO USER1.DOCTOR (DOC_ID, NAME, DESCRIPTION, NUMBER, HOURS) VALUES ('00000000-0000-0000-0000-000000000074', 'King, Tari', 'MD', '', '3:00 - 11:00');
INSERT INTO USER1.DOCTOR (DOC_ID, NAME, DESCRIPTION, NUMBER, HOURS) VALUES ('00000000-0000-0000-0000-000000000075', 'Blazar Phil', 'MD', '', '9:00 - 5:00');
INSERT INTO USER1.DOCTOR (DOC_ID, NAME, DESCRIPTION, NUMBER, HOURS) VALUES ('00000000-0000-0000-0000-000000000076', 'Laskowski, Karl', 'MD', '', '10:00 - 7:00');
INSERT INTO USER1.DOCTOR (DOC_ID, NAME, DESCRIPTION, NUMBER, HOURS) VALUES ('00000000-0000-0000-0000-000000000077', 'Nadarajah, Sarah', 'WHNP', '', '5:00 - 1:00');
INSERT INTO USER1.DOCTOR (DOC_ID, NAME, DESCRIPTION, NUMBER, HOURS) VALUES ('00000000-0000-0000-0000-000000000078', 'Ruff, Christian', 'MD', '', '1:00 - 11:00');
INSERT INTO USER1.DOCTOR (DOC_ID, NAME, DESCRIPTION, NUMBER, HOURS) VALUES ('00000000-0000-0000-0000-000000000079', 'Carleen, Mary Anne', 'PA-C', '', '1:00 - 11:00');
INSERT INTO USER1.DOCTOR (DOC_ID, NAME, DESCRIPTION, NUMBER, HOURS) VALUES ('00000000-0000-0000-0000-000000000080', 'Nehs, Matthew', 'MD', '', '10:00 - 7:00');
INSERT INTO USER1.DOCTOR (DOC_ID, NAME, DESCRIPTION, NUMBER, HOURS) VALUES ('00000000-0000-0000-0000-000000000081', 'Berman, Stephanie', 'MD', '', '7:30 - 4:30');
INSERT INTO USER1.DOCTOR (DOC_ID, NAME, DESCRIPTION, NUMBER, HOURS) VALUES ('00000000-0000-0000-0000-000000000082', 'Melnitchouk, Neyla', 'MD', '', '10:00 - 7:00');
INSERT INTO USER1.DOCTOR (DOC_ID, NAME, DESCRIPTION, NUMBER, HOURS) VALUES ('00000000-0000-0000-0000-000000000083', 'Viola, Julianne', 'MD', '', '5:30 - 4:00');
INSERT INTO USER1.DOCTOR (DOC_ID, NAME, DESCRIPTION, NUMBER, HOURS) VALUES ('00000000-0000-0000-0000-000000000084', 'Balash, Eva', 'MD', '', '12:00 - 8:00');
INSERT INTO USER1.DOCTOR (DOC_ID, NAME, DESCRIPTION, NUMBER, HOURS) VALUES ('00000000-0000-0000-0000-000000000085', 'Hartman, Katy', 'MS, RD, LDN', '', '8:00 - 4:00');
INSERT INTO USER1.DOCTOR (DOC_ID, NAME, DESCRIPTION, NUMBER, HOURS) VALUES ('00000000-0000-0000-0000-000000000086', 'Samadi, Farrah', 'NP', '', '7:30 - 4:30');
INSERT INTO USER1.DOCTOR (DOC_ID, NAME, DESCRIPTION, NUMBER, HOURS) VALUES ('00000000-0000-0000-0000-000000000087', 'Joyce, Eileen', 'LICSW', '', '1:00 - 11:00');
INSERT INTO USER1.DOCTOR (DOC_ID, NAME, DESCRIPTION, NUMBER, HOURS) VALUES ('00000000-0000-0000-0000-000000000088', 'Ingram, Abbie', 'PA-C', '', '2:00 - 12:00');
INSERT INTO USER1.DOCTOR (DOC_ID, NAME, DESCRIPTION, NUMBER, HOURS) VALUES ('00000000-0000-0000-0000-000000000089', 'Perry, David', 'LICSW', '', '7:00 - 3:00');
INSERT INTO USER1.DOCTOR (DOC_ID, NAME, DESCRIPTION, NUMBER, HOURS) VALUES ('00000000-0000-0000-0000-000000000090', 'Frangos, Jason', 'MD', '', '8:00 - 4:00');
INSERT INTO USER1.DOCTOR (DOC_ID, NAME, DESCRIPTION, NUMBER, HOURS) VALUES ('00000000-0000-0000-0000-000000000091', 'McKenna, Robert', 'PA-C', '', '9:00 - 5:00');
INSERT INTO USER1.DOCTOR (DOC_ID, NAME, DESCRIPTION, NUMBER, HOURS) VALUES ('00000000-0000-0000-0000-000000000092', 'Copello, Maria', 'MD', '', '1:00 - 11:00');
INSERT INTO USER1.DOCTOR (DOC_ID, NAME, DESCRIPTION, NUMBER, HOURS) VALUES ('00000000-0000-0000-0000-000000000093', 'Cardet, Juan Carlos', 'MD', '', '6:00 - 2:00');
INSERT INTO USER1.DOCTOR (DOC_ID, NAME, DESCRIPTION, NUMBER, HOURS) VALUES ('00000000-0000-0000-0000-000000000094', 'McDonnell, Marie', 'MD', '', '7:00 - 3:00');
INSERT INTO USER1.DOCTOR (DOC_ID, NAME, DESCRIPTION, NUMBER, HOURS) VALUES ('00000000-0000-0000-0000-000000000095', 'Belkin, Michael', 'MD', '', '5:30 - 4:00');
INSERT INTO USER1.DOCTOR (DOC_ID, NAME, DESCRIPTION, NUMBER, HOURS) VALUES ('00000000-0000-0000-0000-000000000096', 'Wagle, Neil', 'MD', '', '5:00 - 1:00');
INSERT INTO USER1.DOCTOR (DOC_ID, NAME, DESCRIPTION, NUMBER, HOURS) VALUES ('00000000-0000-0000-0000-000000000097', 'Pingeton, Mallory', 'PA-C', '', '3:00 - 11:00');
INSERT INTO USER1.DOCTOR (DOC_ID, NAME, DESCRIPTION, NUMBER, HOURS) VALUES ('00000000-0000-0000-0000-000000000098', 'Romano, Keith', 'MD', '', '12:00 - 8:00');
INSERT INTO USER1.DOCTOR (DOC_ID, NAME, DESCRIPTION, NUMBER, HOURS) VALUES ('00000000-0000-0000-0000-000000000099', 'Drewniak, Stephen', 'MD', '', '10:00 - 7:00');
INSERT INTO USER1.DOCTOR (DOC_ID, NAME, DESCRIPTION, NUMBER, HOURS) VALUES ('00000000-0000-0000-0000-000000000100', 'Mullally, William', 'MD', '', '8:00 - 4:00');
INSERT INTO USER1.DOCTOR (DOC_ID, NAME, DESCRIPTION, NUMBER, HOURS) VALUES ('00000000-0000-0000-0000-000000000244', 'Issa, Mohammed', 'MD', '', '5:00 - 1:00');
INSERT INTO USER1.DOCTOR (DOC_ID, NAME, DESCRIPTION, NUMBER, HOURS) VALUES ('00000000-0000-0000-0000-000000000101', 'Ermann, Jeorg', 'MD', '', '5:00 - 1:00');
INSERT INTO USER1.DOCTOR (DOC_ID, NAME, DESCRIPTION, NUMBER, HOURS) VALUES ('00000000-0000-0000-0000-000000000102', 'Miatto, Orietta', 'MD', '', '2:00 - 12:00');
INSERT INTO USER1.DOCTOR (DOC_ID, NAME, DESCRIPTION, NUMBER, HOURS) VALUES ('00000000-0000-0000-0000-000000000103', 'Issac, Zacharia', 'MD', '', '8:00 - 4:00');
INSERT INTO USER1.DOCTOR (DOC_ID, NAME, DESCRIPTION, NUMBER, HOURS) VALUES ('00000000-0000-0000-0000-000000000104', 'Warth, James', 'MD', '', '6:00 - 2:00');
INSERT INTO USER1.DOCTOR (DOC_ID, NAME, DESCRIPTION, NUMBER, HOURS) VALUES ('00000000-0000-0000-0000-000000000105', 'Yudkoff, Benjamin', 'MD', '', '3:00 - 11:00');
INSERT INTO USER1.DOCTOR (DOC_ID, NAME, DESCRIPTION, NUMBER, HOURS) VALUES ('00000000-0000-0000-0000-000000000106', 'Clark, Roger', 'DO', '', '2:00 - 12:00');
INSERT INTO USER1.DOCTOR (DOC_ID, NAME, DESCRIPTION, NUMBER, HOURS) VALUES ('00000000-0000-0000-0000-000000000107', 'McKitrick, Charles', 'MD', '', '3:30 - 10:30');
INSERT INTO USER1.DOCTOR (DOC_ID, NAME, DESCRIPTION, NUMBER, HOURS) VALUES ('00000000-0000-0000-0000-000000000108', 'OConnor, Elizabeth', 'MD', '', '5:00 - 1:00');
INSERT INTO USER1.DOCTOR (DOC_ID, NAME, DESCRIPTION, NUMBER, HOURS) VALUES ('00000000-0000-0000-0000-000000000109', 'Boatwright, Giuseppina', 'MD', '', '10:00 - 7:00');
INSERT INTO USER1.DOCTOR (DOC_ID, NAME, DESCRIPTION, NUMBER, HOURS) VALUES ('00000000-0000-0000-0000-000000000110', 'Caplan, Laura', 'PA-C', '', '7:00 - 3:00');
INSERT INTO USER1.DOCTOR (DOC_ID, NAME, DESCRIPTION, NUMBER, HOURS) VALUES ('00000000-0000-0000-0000-000000000111', 'Warth, Maria', 'MD', '', '9:00 - 5:00');
INSERT INTO USER1.DOCTOR (DOC_ID, NAME, DESCRIPTION, NUMBER, HOURS) VALUES ('00000000-0000-0000-0000-000000000112', 'McMahon, Gearoid', 'MD', '', '12:00 - 8:00');
INSERT INTO USER1.DOCTOR (DOC_ID, NAME, DESCRIPTION, NUMBER, HOURS) VALUES ('00000000-0000-0000-0000-000000000113', 'Hentschel, Dirk', 'MD', '', '7:00 - 3:00');
INSERT INTO USER1.DOCTOR (DOC_ID, NAME, DESCRIPTION, NUMBER, HOURS) VALUES ('00000000-0000-0000-0000-000000000114', 'Cahan, David', 'MD', '', '5:00 - 1:00');
INSERT INTO USER1.DOCTOR (DOC_ID, NAME, DESCRIPTION, NUMBER, HOURS) VALUES ('00000000-0000-0000-0000-000000000115', 'Haimovici, Florina', 'MD', '', '5:30 - 4:00');
INSERT INTO USER1.DOCTOR (DOC_ID, NAME, DESCRIPTION, NUMBER, HOURS) VALUES ('00000000-0000-0000-0000-000000000116', 'Matloff, Daniel', 'MD', '', '1:00 - 11:00');
INSERT INTO USER1.DOCTOR (DOC_ID, NAME, DESCRIPTION, NUMBER, HOURS) VALUES ('00000000-0000-0000-0000-000000000117', 'Stone, Rebecca', 'MD', '', '3:30 - 10:30');
INSERT INTO USER1.DOCTOR (DOC_ID, NAME, DESCRIPTION, NUMBER, HOURS) VALUES ('00000000-0000-0000-0000-000000000118', 'Isom, Kellene', 'MS, RN, LDN', '', '3:00 - 11:00');
INSERT INTO USER1.DOCTOR (DOC_ID, NAME, DESCRIPTION, NUMBER, HOURS) VALUES ('00000000-0000-0000-0000-000000000119', 'Hartigan, Joseph', 'DPM', '', '8:00 - 4:00');
INSERT INTO USER1.DOCTOR (DOC_ID, NAME, DESCRIPTION, NUMBER, HOURS) VALUES ('00000000-0000-0000-0000-000000000120', 'Homenko, Daria', 'MD', '', '8:00 - 4:00');
INSERT INTO USER1.DOCTOR (DOC_ID, NAME, DESCRIPTION, NUMBER, HOURS) VALUES ('00000000-0000-0000-0000-000000000121', 'Roditi, Rachel', 'MD', '', '9:00 - 5:00');
INSERT INTO USER1.DOCTOR (DOC_ID, NAME, DESCRIPTION, NUMBER, HOURS) VALUES ('00000000-0000-0000-0000-000000000122', 'Scheff, David', 'MD', '', '6:00 - 2:00');
INSERT INTO USER1.DOCTOR (DOC_ID, NAME, DESCRIPTION, NUMBER, HOURS) VALUES ('00000000-0000-0000-0000-000000000123', 'Humbert, Timberly', 'MD', '', '10:00 - 7:00');
INSERT INTO USER1.DOCTOR (DOC_ID, NAME, DESCRIPTION, NUMBER, HOURS) VALUES ('00000000-0000-0000-0000-000000000124', 'Lu, Yi', 'MD', '', '10:00 - 7:00');
INSERT INTO USER1.DOCTOR (DOC_ID, NAME, DESCRIPTION, NUMBER, HOURS) VALUES ('00000000-0000-0000-0000-000000000125', 'Rizzoli, Paul', 'MD', '', '7:00 - 3:00');
INSERT INTO USER1.DOCTOR (DOC_ID, NAME, DESCRIPTION, NUMBER, HOURS) VALUES ('00000000-0000-0000-0000-000000000126', 'Paperno, Halie', 'Au.D, CCC-A', '', '10:00 - 7:00');
INSERT INTO USER1.DOCTOR (DOC_ID, NAME, DESCRIPTION, NUMBER, HOURS) VALUES ('00000000-0000-0000-0000-000000000127', 'Omobomi, Olabimpe', 'MD', '', '3:30 - 10:30');
INSERT INTO USER1.DOCTOR (DOC_ID, NAME, DESCRIPTION, NUMBER, HOURS) VALUES ('00000000-0000-0000-0000-000000000128', 'Innis, William', 'MD', '', '8:00 - 4:00');
INSERT INTO USER1.DOCTOR (DOC_ID, NAME, DESCRIPTION, NUMBER, HOURS) VALUES ('00000000-0000-0000-0000-000000000129', 'Divito, Sherrie', 'MD, PhD', '', '7:00 - 3:00');
INSERT INTO USER1.DOCTOR (DOC_ID, NAME, DESCRIPTION, NUMBER, HOURS) VALUES ('00000000-0000-0000-0000-000000000130', 'Dave, Jatin', 'MD', '', '8:00 - 4:00');
INSERT INTO USER1.DOCTOR (DOC_ID, NAME, DESCRIPTION, NUMBER, HOURS) VALUES ('00000000-0000-0000-0000-000000000131', 'Shoji, Brent', 'MD', '', '10:00 - 7:00');
INSERT INTO USER1.DOCTOR (DOC_ID, NAME, DESCRIPTION, NUMBER, HOURS) VALUES ('00000000-0000-0000-0000-000000000132', 'Ash, Samuel', 'MD', '', '9:00 - 5:00');
INSERT INTO USER1.DOCTOR (DOC_ID, NAME, DESCRIPTION, NUMBER, HOURS) VALUES ('00000000-0000-0000-0000-000000000133', 'Parker, Leroy', 'MD', '', '3:30 - 10:30');
INSERT INTO USER1.DOCTOR (DOC_ID, NAME, DESCRIPTION, NUMBER, HOURS) VALUES ('00000000-0000-0000-0000-000000000134', 'Goldman, Jill', 'MD', '', '5:30 - 4:00');
INSERT INTO USER1.DOCTOR (DOC_ID, NAME, DESCRIPTION, NUMBER, HOURS) VALUES ('00000000-0000-0000-0000-000000000135', 'Kessler, Joshua', 'MD', '', '3:30 - 10:30');
INSERT INTO USER1.DOCTOR (DOC_ID, NAME, DESCRIPTION, NUMBER, HOURS) VALUES ('00000000-0000-0000-0000-000000000136', 'Leone, Amanda', 'LICSW', '', '6:00 - 2:00');
INSERT INTO USER1.DOCTOR (DOC_ID, NAME, DESCRIPTION, NUMBER, HOURS) VALUES ('00000000-0000-0000-0000-000000000137', 'Samara, Mariah', 'MD', '', '5:00 - 1:00');
INSERT INTO USER1.DOCTOR (DOC_ID, NAME, DESCRIPTION, NUMBER, HOURS) VALUES ('00000000-0000-0000-0000-000000000138', 'Fanta, Christopher', 'MD', '', '7:00 - 3:00');
INSERT INTO USER1.DOCTOR (DOC_ID, NAME, DESCRIPTION, NUMBER, HOURS) VALUES ('00000000-0000-0000-0000-000000000139', 'Keller, Elisabeth', 'MD', '', '5:30 - 4:00');
INSERT INTO USER1.DOCTOR (DOC_ID, NAME, DESCRIPTION, NUMBER, HOURS) VALUES ('00000000-0000-0000-0000-000000000140', 'Conant, Alene', 'MD', '', '10:00 - 7:00');
INSERT INTO USER1.DOCTOR (DOC_ID, NAME, DESCRIPTION, NUMBER, HOURS) VALUES ('00000000-0000-0000-0000-000000000141', 'Palermo, Nadine', 'MD', '', '1:00 - 11:00');
INSERT INTO USER1.DOCTOR (DOC_ID, NAME, DESCRIPTION, NUMBER, HOURS) VALUES ('00000000-0000-0000-0000-000000000142', 'Chan, Walter', 'MD', '', '3:00 - 11:00');
INSERT INTO USER1.DOCTOR (DOC_ID, NAME, DESCRIPTION, NUMBER, HOURS) VALUES ('00000000-0000-0000-0000-000000000143', 'Dowd, Erin', 'LICSW', '', '7:00 - 3:00');
INSERT INTO USER1.DOCTOR (DOC_ID, NAME, DESCRIPTION, NUMBER, HOURS) VALUES ('00000000-0000-0000-0000-000000000144', 'Nuspl, Kristen', 'PA-C', '', '3:00 - 11:00');
INSERT INTO USER1.DOCTOR (DOC_ID, NAME, DESCRIPTION, NUMBER, HOURS) VALUES ('00000000-0000-0000-0000-000000000145', 'Lafleur, Emily', 'PA-C', '', '2:00 - 12:00');
INSERT INTO USER1.DOCTOR (DOC_ID, NAME, DESCRIPTION, NUMBER, HOURS) VALUES ('00000000-0000-0000-0000-000000000146', 'Saldana, Fidencio', 'MD', '', '2:00 - 12:00');
INSERT INTO USER1.DOCTOR (DOC_ID, NAME, DESCRIPTION, NUMBER, HOURS) VALUES ('00000000-0000-0000-0000-000000000147', 'Welker, Roy', 'MD', '', '1:00 - 11:00');
INSERT INTO USER1.DOCTOR (DOC_ID, NAME, DESCRIPTION, NUMBER, HOURS) VALUES ('00000000-0000-0000-0000-000000000148', 'McNabb-Balter, Julia', 'MD', '', '1:00 - 11:00');
INSERT INTO USER1.DOCTOR (DOC_ID, NAME, DESCRIPTION, NUMBER, HOURS) VALUES ('00000000-0000-0000-0000-000000000149', 'Malone, Michael', 'MD', '', '5:30 - 4:00');
INSERT INTO USER1.DOCTOR (DOC_ID, NAME, DESCRIPTION, NUMBER, HOURS) VALUES ('00000000-0000-0000-0000-000000000150', 'Oliver, Lynn', 'RN', '', '7:00 - 3:00');
INSERT INTO USER1.DOCTOR (DOC_ID, NAME, DESCRIPTION, NUMBER, HOURS) VALUES ('00000000-0000-0000-0000-000000000151', 'Voiculescu, Adina', 'MD', '', '7:30 - 4:30');
INSERT INTO USER1.DOCTOR (DOC_ID, NAME, DESCRIPTION, NUMBER, HOURS) VALUES ('00000000-0000-0000-0000-000000000152', 'Saluti, Andrew', 'DO', '', '5:30 - 4:00');
INSERT INTO USER1.DOCTOR (DOC_ID, NAME, DESCRIPTION, NUMBER, HOURS) VALUES ('00000000-0000-0000-0000-000000000153', 'Sheth, Samira', 'NP', '', '7:30 - 4:30');
INSERT INTO USER1.DOCTOR (DOC_ID, NAME, DESCRIPTION, NUMBER, HOURS) VALUES ('00000000-0000-0000-0000-000000000154', 'Cardin, Kristin', 'NP', '', '9:00 - 5:00');
INSERT INTO USER1.DOCTOR (DOC_ID, NAME, DESCRIPTION, NUMBER, HOURS) VALUES ('00000000-0000-0000-0000-000000000155', 'Butler, Matthew', 'DPM', '', '2:00 - 12:00');
INSERT INTO USER1.DOCTOR (DOC_ID, NAME, DESCRIPTION, NUMBER, HOURS) VALUES ('00000000-0000-0000-0000-000000000156', 'Duggan, Margaret', 'MD', '', '2:00 - 12:00');
INSERT INTO USER1.DOCTOR (DOC_ID, NAME, DESCRIPTION, NUMBER, HOURS) VALUES ('00000000-0000-0000-0000-000000000157', 'Connell, Nathan', 'MD', '', '2:00 - 12:00');
INSERT INTO USER1.DOCTOR (DOC_ID, NAME, DESCRIPTION, NUMBER, HOURS) VALUES ('00000000-0000-0000-0000-000000000158', 'Groff, Michael', 'MD', '', '5:00 - 1:00');
INSERT INTO USER1.DOCTOR (DOC_ID, NAME, DESCRIPTION, NUMBER, HOURS) VALUES ('00000000-0000-0000-0000-000000000159', 'Carty, Matthew', 'MD', '', '10:00 - 7:00');
INSERT INTO USER1.DOCTOR (DOC_ID, NAME, DESCRIPTION, NUMBER, HOURS) VALUES ('00000000-0000-0000-0000-000000000160', 'Pavlova, Milena', 'MD', '', '5:00 - 1:00');
INSERT INTO USER1.DOCTOR (DOC_ID, NAME, DESCRIPTION, NUMBER, HOURS) VALUES ('00000000-0000-0000-0000-000000000161', 'Preneta, Ewa', 'MD', '', '5:00 - 1:00');
INSERT INTO USER1.DOCTOR (DOC_ID, NAME, DESCRIPTION, NUMBER, HOURS) VALUES ('00000000-0000-0000-0000-000000000162', 'McCarthy, Rita', 'NP', '', '3:00 - 11:00');
INSERT INTO USER1.DOCTOR (DOC_ID, NAME, DESCRIPTION, NUMBER, HOURS) VALUES ('00000000-0000-0000-0000-000000000163', 'Tarpy, Robert', 'MD', '', '12:00 - 8:00');
INSERT INTO USER1.DOCTOR (DOC_ID, NAME, DESCRIPTION, NUMBER, HOURS) VALUES ('00000000-0000-0000-0000-000000000164', 'Matthews, Robert', 'PA-C', '', '10:00 - 7:00');
INSERT INTO USER1.DOCTOR (DOC_ID, NAME, DESCRIPTION, NUMBER, HOURS) VALUES ('00000000-0000-0000-0000-000000000165', 'Trumble, Julia', 'LICSW', '', '9:00 - 5:00');
INSERT INTO USER1.DOCTOR (DOC_ID, NAME, DESCRIPTION, NUMBER, HOURS) VALUES ('00000000-0000-0000-0000-000000000166', 'Webber, Anthony', 'MD', '', '3:30 - 10:30');
INSERT INTO USER1.DOCTOR (DOC_ID, NAME, DESCRIPTION, NUMBER, HOURS) VALUES ('00000000-0000-0000-0000-000000000167', 'Bhasin, Shalender', 'MD', '', '7:00 - 3:00');
INSERT INTO USER1.DOCTOR (DOC_ID, NAME, DESCRIPTION, NUMBER, HOURS) VALUES ('00000000-0000-0000-0000-000000000168', 'Waldman, Abigail', 'MD', '', '2:00 - 12:00');
INSERT INTO USER1.DOCTOR (DOC_ID, NAME, DESCRIPTION, NUMBER, HOURS) VALUES ('00000000-0000-0000-0000-000000000169', 'Whitman, Gregory', 'MD', '', '7:30 - 4:30');
INSERT INTO USER1.DOCTOR (DOC_ID, NAME, DESCRIPTION, NUMBER, HOURS) VALUES ('00000000-0000-0000-0000-000000000170', 'Smith, Benjamin', 'MD', '', '2:00 - 12:00');
INSERT INTO USER1.DOCTOR (DOC_ID, NAME, DESCRIPTION, NUMBER, HOURS) VALUES ('00000000-0000-0000-0000-000000000171', 'Yung, Rachel', 'MD', '', '5:00 - 1:00');
INSERT INTO USER1.DOCTOR (DOC_ID, NAME, DESCRIPTION, NUMBER, HOURS) VALUES ('00000000-0000-0000-0000-000000000172', 'Bhattacharyya, Shamik', 'MD', '', '6:00 - 2:00');
INSERT INTO USER1.DOCTOR (DOC_ID, NAME, DESCRIPTION, NUMBER, HOURS) VALUES ('00000000-0000-0000-0000-000000000173', 'Yong, Jason', 'MD', '', '8:00 - 4:00');
INSERT INTO USER1.DOCTOR (DOC_ID, NAME, DESCRIPTION, NUMBER, HOURS) VALUES ('00000000-0000-0000-0000-000000000174', 'Spector, David', 'MD', '', '3:30 - 10:30');
INSERT INTO USER1.DOCTOR (DOC_ID, NAME, DESCRIPTION, NUMBER, HOURS) VALUES ('00000000-0000-0000-0000-000000000175', 'Doherty, Meghan', 'LCSW', '', '7:30 - 4:30');
INSERT INTO USER1.DOCTOR (DOC_ID, NAME, DESCRIPTION, NUMBER, HOURS) VALUES ('00000000-0000-0000-0000-000000000176', 'Schoenfeld, Andrew', 'MD', '', '12:00 - 8:00');
INSERT INTO USER1.DOCTOR (DOC_ID, NAME, DESCRIPTION, NUMBER, HOURS) VALUES ('00000000-0000-0000-0000-000000000177', 'Corrales, Carleton Eduardo', 'MD', '', '10:00 - 7:00');
INSERT INTO USER1.DOCTOR (DOC_ID, NAME, DESCRIPTION, NUMBER, HOURS) VALUES ('00000000-0000-0000-0000-000000000178', 'Vernon, Ashley', 'MD', '', '10:00 - 7:00');
INSERT INTO USER1.DOCTOR (DOC_ID, NAME, DESCRIPTION, NUMBER, HOURS) VALUES ('00000000-0000-0000-0000-000000000179', 'Parnes, Aric', 'MD', '', '12:00 - 8:00');
INSERT INTO USER1.DOCTOR (DOC_ID, NAME, DESCRIPTION, NUMBER, HOURS) VALUES ('00000000-0000-0000-0000-000000000180', 'Lai, Leonard', 'MD', '', '1:00 - 11:00');
INSERT INTO USER1.DOCTOR (DOC_ID, NAME, DESCRIPTION, NUMBER, HOURS) VALUES ('00000000-0000-0000-0000-000000000181', 'Taylor, Cristin', 'PA-C', '', '3:00 - 11:00');
INSERT INTO USER1.DOCTOR (DOC_ID, NAME, DESCRIPTION, NUMBER, HOURS) VALUES ('00000000-0000-0000-0000-000000000182', 'Grossi, Lisa', 'RN, MS, CPNP', '', '7:00 - 3:00');
INSERT INTO USER1.DOCTOR (DOC_ID, NAME, DESCRIPTION, NUMBER, HOURS) VALUES ('00000000-0000-0000-0000-000000000183', 'Healey, Michael', 'MD', '', '3:00 - 11:00');
INSERT INTO USER1.DOCTOR (DOC_ID, NAME, DESCRIPTION, NUMBER, HOURS) VALUES ('00000000-0000-0000-0000-000000000184', 'Angell, Trevor', 'MD', '', '7:00 - 3:00');
INSERT INTO USER1.DOCTOR (DOC_ID, NAME, DESCRIPTION, NUMBER, HOURS) VALUES ('00000000-0000-0000-0000-000000000185', 'Tucker, Kevin', 'MD', '', '3:30 - 10:30');
INSERT INTO USER1.DOCTOR (DOC_ID, NAME, DESCRIPTION, NUMBER, HOURS) VALUES ('00000000-0000-0000-0000-000000000186', 'Prince, Anthony', 'MD', '', '7:00 - 3:00');
INSERT INTO USER1.DOCTOR (DOC_ID, NAME, DESCRIPTION, NUMBER, HOURS) VALUES ('00000000-0000-0000-0000-000000000187', 'Brick, Gregory', 'MD', '', '3:00 - 11:00');
INSERT INTO USER1.DOCTOR (DOC_ID, NAME, DESCRIPTION, NUMBER, HOURS) VALUES ('00000000-0000-0000-0000-000000000188', 'Barr, Joseph Jr.', 'MD', '', '10:00 - 7:00');
INSERT INTO USER1.DOCTOR (DOC_ID, NAME, DESCRIPTION, NUMBER, HOURS) VALUES ('00000000-0000-0000-0000-000000000189', 'Vigneau, Shari', 'PA-C', '', '2:00 - 12:00');
INSERT INTO USER1.DOCTOR (DOC_ID, NAME, DESCRIPTION, NUMBER, HOURS) VALUES ('00000000-0000-0000-0000-000000000190', 'Whitlock, Kaitlyn', 'PA-C', '', '5:30 - 4:00');
INSERT INTO USER1.DOCTOR (DOC_ID, NAME, DESCRIPTION, NUMBER, HOURS) VALUES ('00000000-0000-0000-0000-000000000191', 'Tenforde, Adam', 'MD', '', '5:00 - 1:00');
INSERT INTO USER1.DOCTOR (DOC_ID, NAME, DESCRIPTION, NUMBER, HOURS) VALUES ('00000000-0000-0000-0000-000000000192', 'Frangieh, George', 'MD', '', '9:00 - 5:00');
INSERT INTO USER1.DOCTOR (DOC_ID, NAME, DESCRIPTION, NUMBER, HOURS) VALUES ('00000000-0000-0000-0000-000000000193', 'McDonald, Michael', 'MD', '', '5:00 - 1:00');
INSERT INTO USER1.DOCTOR (DOC_ID, NAME, DESCRIPTION, NUMBER, HOURS) VALUES ('00000000-0000-0000-0000-000000000194', 'Smith, Colleen', 'NP', '', '8:00 - 4:00');
INSERT INTO USER1.DOCTOR (DOC_ID, NAME, DESCRIPTION, NUMBER, HOURS) VALUES ('00000000-0000-0000-0000-000000000195', 'Cotter, Lindsay', 'LICSW', '', '2:00 - 12:00');
INSERT INTO USER1.DOCTOR (DOC_ID, NAME, DESCRIPTION, NUMBER, HOURS) VALUES ('00000000-0000-0000-0000-000000000196', 'Tunick, Mitchell', 'MD', '', '12:00 - 8:00');
INSERT INTO USER1.DOCTOR (DOC_ID, NAME, DESCRIPTION, NUMBER, HOURS) VALUES ('00000000-0000-0000-0000-000000000197', 'Lilienfeld, Armin', 'MD', '', '9:00 - 5:00');
INSERT INTO USER1.DOCTOR (DOC_ID, NAME, DESCRIPTION, NUMBER, HOURS) VALUES ('00000000-0000-0000-0000-000000000198', 'Dominici, Laura', 'MD', '', '5:00 - 1:00');
INSERT INTO USER1.DOCTOR (DOC_ID, NAME, DESCRIPTION, NUMBER, HOURS) VALUES ('00000000-0000-0000-0000-000000000199', 'Nakhlis, Faina', 'MD', '', '5:30 - 4:00');
INSERT INTO USER1.DOCTOR (DOC_ID, NAME, DESCRIPTION, NUMBER, HOURS) VALUES ('00000000-0000-0000-0000-000000000200', 'Kathrins, Martin', 'MD', '', '10:00 - 7:00');
INSERT INTO USER1.DOCTOR (DOC_ID, NAME, DESCRIPTION, NUMBER, HOURS) VALUES ('00000000-0000-0000-0000-000000000201', 'Andromalos, Laura', 'RD, LDN', '', '5:00 - 1:00');
INSERT INTO USER1.DOCTOR (DOC_ID, NAME, DESCRIPTION, NUMBER, HOURS) VALUES ('00000000-0000-0000-0000-000000000202', 'Hajj, Micheline', 'RN', '', '1:00 - 11:00');
INSERT INTO USER1.DOCTOR (DOC_ID, NAME, DESCRIPTION, NUMBER, HOURS) VALUES ('00000000-0000-0000-0000-000000000203', 'Zampini, Jay', 'MD', '', '7:00 - 3:00');
INSERT INTO USER1.DOCTOR (DOC_ID, NAME, DESCRIPTION, NUMBER, HOURS) VALUES ('00000000-0000-0000-0000-000000000204', 'Tavakkoli, Ali', 'MD', '', '8:00 - 4:00');
INSERT INTO USER1.DOCTOR (DOC_ID, NAME, DESCRIPTION, NUMBER, HOURS) VALUES ('00000000-0000-0000-0000-000000000205', 'Schueler, Leila', 'MD', '', '10:00 - 7:00');
INSERT INTO USER1.DOCTOR (DOC_ID, NAME, DESCRIPTION, NUMBER, HOURS) VALUES ('00000000-0000-0000-0000-000000000206', 'Kenney, Pardon', 'MD', '', '9:00 - 5:00');
INSERT INTO USER1.DOCTOR (DOC_ID, NAME, DESCRIPTION, NUMBER, HOURS) VALUES ('00000000-0000-0000-0000-000000000207', 'Reil, Erin', 'RD, LDN', '', '5:00 - 1:00');
INSERT INTO USER1.DOCTOR (DOC_ID, NAME, DESCRIPTION, NUMBER, HOURS) VALUES ('00000000-0000-0000-0000-000000000208', 'Loder, Elizabeth', 'MD', '', '1:00 - 11:00');
INSERT INTO USER1.DOCTOR (DOC_ID, NAME, DESCRIPTION, NUMBER, HOURS) VALUES ('00000000-0000-0000-0000-000000000209', 'Weisholtz, Daniel', 'MD', '', '12:00 - 8:00');
INSERT INTO USER1.DOCTOR (DOC_ID, NAME, DESCRIPTION, NUMBER, HOURS) VALUES ('00000000-0000-0000-0000-000000000210', 'Chahal, Katie', 'PA-C', '', '11:30 - 7:30');
INSERT INTO USER1.DOCTOR (DOC_ID, NAME, DESCRIPTION, NUMBER, HOURS) VALUES ('00000000-0000-0000-0000-000000000211', 'Dyer, George', 'MD', '', '8:00 - 4:00');
INSERT INTO USER1.DOCTOR (DOC_ID, NAME, DESCRIPTION, NUMBER, HOURS) VALUES ('00000000-0000-0000-0000-000000000212', 'Wellman, David', 'MD', '', '10:00 - 7:00');
INSERT INTO USER1.DOCTOR (DOC_ID, NAME, DESCRIPTION, NUMBER, HOURS) VALUES ('00000000-0000-0000-0000-000000000213', 'Matwin, Sonia', 'PhD', '', '2:00 - 12:00');
INSERT INTO USER1.DOCTOR (DOC_ID, NAME, DESCRIPTION, NUMBER, HOURS) VALUES ('00000000-0000-0000-0000-000000000214', 'Barbie, Thanh', 'MD', '', '1:00 - 11:00');
INSERT INTO USER1.DOCTOR (DOC_ID, NAME, DESCRIPTION, NUMBER, HOURS) VALUES ('00000000-0000-0000-0000-000000000215', 'Vardeh, Daniel', 'MD', '', '1:00 - 11:00');
INSERT INTO USER1.DOCTOR (DOC_ID, NAME, DESCRIPTION, NUMBER, HOURS) VALUES ('00000000-0000-0000-0000-000000000216', 'Mutinga, Muthoka', 'MD', '', '3:00 - 11:00');
INSERT INTO USER1.DOCTOR (DOC_ID, NAME, DESCRIPTION, NUMBER, HOURS) VALUES ('00000000-0000-0000-0000-000000000217', 'Pariser, Kenneth', 'MD', '', '2:00 - 12:00');
INSERT INTO USER1.DOCTOR (DOC_ID, NAME, DESCRIPTION, NUMBER, HOURS) VALUES ('00000000-0000-0000-0000-000000000218', 'Budhiraja, Rohit', 'MD', '', '5:00 - 1:00');
INSERT INTO USER1.DOCTOR (DOC_ID, NAME, DESCRIPTION, NUMBER, HOURS) VALUES ('00000000-0000-0000-0000-000000000219', 'Mariano, Timothy', 'MD', '', '7:30 - 4:30');
INSERT INTO USER1.DOCTOR (DOC_ID, NAME, DESCRIPTION, NUMBER, HOURS) VALUES ('00000000-0000-0000-0000-000000000220', 'OLeary, Michael', 'MD', '', '7:30 - 4:30');
INSERT INTO USER1.DOCTOR (DOC_ID, NAME, DESCRIPTION, NUMBER, HOURS) VALUES ('00000000-0000-0000-0000-000000000221', 'Hoover, Paul', 'MD, PhD', '', '3:00 - 11:00');
INSERT INTO USER1.DOCTOR (DOC_ID, NAME, DESCRIPTION, NUMBER, HOURS) VALUES ('00000000-0000-0000-0000-000000000222', 'Lo, Amy', 'MD', '', '12:00 - 8:00');
INSERT INTO USER1.DOCTOR (DOC_ID, NAME, DESCRIPTION, NUMBER, HOURS) VALUES ('00000000-0000-0000-0000-000000000223', 'Mason, William', 'MD', '', '5:00 - 1:00');
INSERT INTO USER1.DOCTOR (DOC_ID, NAME, DESCRIPTION, NUMBER, HOURS) VALUES ('00000000-0000-0000-0000-000000000224', 'Sampson, Christian', 'MD', '', '2:00 - 12:00');
INSERT INTO USER1.DOCTOR (DOC_ID, NAME, DESCRIPTION, NUMBER, HOURS) VALUES ('00000000-0000-0000-0000-000000000225', 'Morrison-Ma, Samantha', 'NP', '', '2:00 - 12:00');
INSERT INTO USER1.DOCTOR (DOC_ID, NAME, DESCRIPTION, NUMBER, HOURS) VALUES ('00000000-0000-0000-0000-000000000226', 'Oliveira, Nancy', 'MS, RDN, LDN', '', '5:00 - 1:00');
INSERT INTO USER1.DOCTOR (DOC_ID, NAME, DESCRIPTION, NUMBER, HOURS) VALUES ('00000000-0000-0000-0000-000000000227', 'Bonaca, Marc', 'MD', '', '2:00 - 12:00');
INSERT INTO USER1.DOCTOR (DOC_ID, NAME, DESCRIPTION, NUMBER, HOURS) VALUES ('00000000-0000-0000-0000-000000000228', 'Smith, Jeremy', 'MD', '', '3:00 - 11:00');
INSERT INTO USER1.DOCTOR (DOC_ID, NAME, DESCRIPTION, NUMBER, HOURS) VALUES ('00000000-0000-0000-0000-000000000229', 'Bono, Christopher', 'MD', '', '8:00 - 4:00');
INSERT INTO USER1.DOCTOR (DOC_ID, NAME, DESCRIPTION, NUMBER, HOURS) VALUES ('00000000-0000-0000-0000-000000000230', 'Johnsen, Jami', 'MD', '', '8:00 - 4:00');
INSERT INTO USER1.DOCTOR (DOC_ID, NAME, DESCRIPTION, NUMBER, HOURS) VALUES ('00000000-0000-0000-0000-000000000231', 'DAmbrosio, Carolyn', 'MD', '', '3:00 - 11:00');
INSERT INTO USER1.DOCTOR (DOC_ID, NAME, DESCRIPTION, NUMBER, HOURS) VALUES ('00000000-0000-0000-0000-000000000232', 'Rodriguez, Claudia', 'MD', '', '3:30 - 10:30');
INSERT INTO USER1.DOCTOR (DOC_ID, NAME, DESCRIPTION, NUMBER, HOURS) VALUES ('00000000-0000-0000-0000-000000000233', 'Sheu, Eric', 'MD', '', '5:00 - 1:00');
INSERT INTO USER1.DOCTOR (DOC_ID, NAME, DESCRIPTION, NUMBER, HOURS) VALUES ('00000000-0000-0000-0000-000000000234', 'Stephens, Kelly', 'MD', '', '8:00 - 4:00');
INSERT INTO USER1.DOCTOR (DOC_ID, NAME, DESCRIPTION, NUMBER, HOURS) VALUES ('00000000-0000-0000-0000-000000000235', 'McGowan, Katherine', 'MD', '', '6:00 - 2:00');
INSERT INTO USER1.DOCTOR (DOC_ID, NAME, DESCRIPTION, NUMBER, HOURS) VALUES ('00000000-0000-0000-0000-000000000236', 'Schoenfeld, Paul', 'MD', '', '1:00 - 11:00');
INSERT INTO USER1.DOCTOR (DOC_ID, NAME, DESCRIPTION, NUMBER, HOURS) VALUES ('00000000-0000-0000-0000-000000000237', 'Stevens, Erin', 'LICSW', '', '5:30 - 4:00');
INSERT INTO USER1.DOCTOR (DOC_ID, NAME, DESCRIPTION, NUMBER, HOURS) VALUES ('00000000-0000-0000-0000-000000000238', 'Stewart, Carl', 'MEd, LADC I', '', '9:00 - 5:00');
INSERT INTO USER1.DOCTOR (DOC_ID, NAME, DESCRIPTION, NUMBER, HOURS) VALUES ('00000000-0000-0000-0000-000000000239', 'Ariagno, Megan', 'RD, LDN', '', '6:00 - 2:00');
INSERT INTO USER1.DOCTOR (DOC_ID, NAME, DESCRIPTION, NUMBER, HOURS) VALUES ('00000000-0000-0000-0000-000000000240', 'Chiodo, Christopher', 'MD', '', '12:00 - 9:00');
INSERT INTO USER1.DOCTOR (DOC_ID, NAME, DESCRIPTION, NUMBER, HOURS) VALUES ('00000000-0000-0000-0000-000000000241', 'Ruiz, Emily', 'MD', '', '10:00 - 7:00');
INSERT INTO USER1.DOCTOR (DOC_ID, NAME, DESCRIPTION, NUMBER, HOURS) VALUES ('00000000-0000-0000-0000-000000000242', 'Burch, Rebecca', 'MD', '', '7:00 - 3:00');
INSERT INTO USER1.DOCTOR (DOC_ID, NAME, DESCRIPTION, NUMBER, HOURS) VALUES ('00000000-0000-0000-0000-000000000243', 'Hsu, Joyce', 'MD', '', '1:00 - 11:00');

INSERT INTO USER1.FLOOR (FLOOR_ID, BUILDING_ID, NUMBER, IMAGE) VALUES ('Faulkner6', 1, 6, '6_thesixthfloor.png');
INSERT INTO USER1.FLOOR (FLOOR_ID, BUILDING_ID, NUMBER, IMAGE) VALUES ('Faulkner4', 1, 4, '4_thefourthfloor.png');
INSERT INTO USER1.FLOOR (FLOOR_ID, BUILDING_ID, NUMBER, IMAGE) VALUES ('Faulkner5', 1, 5, '5_thefifthfloor.png');
INSERT INTO USER1.FLOOR (FLOOR_ID, BUILDING_ID, NUMBER, IMAGE) VALUES ('Faulkner3', 1, 3, '3_thethirdfloor.png');
INSERT INTO USER1.FLOOR (FLOOR_ID, BUILDING_ID, NUMBER, IMAGE) VALUES ('Faulkner1', 1, 1, '1_thefirstfloor.png');
INSERT INTO USER1.FLOOR (FLOOR_ID, BUILDING_ID, NUMBER, IMAGE) VALUES ('Faulkner7', 1, 7, '7_theseventhfloor.png');
INSERT INTO USER1.FLOOR (FLOOR_ID, BUILDING_ID, NUMBER, IMAGE) VALUES ('Faulkner2', 1, 2, '2_thesecondfloor.png');
INSERT INTO USER1.FLOOR (FLOOR_ID, BUILDING_ID, NUMBER, IMAGE) VALUES ('Belkin3', 2, 3, '3_thethirdfloor.png');
INSERT INTO USER1.FLOOR (FLOOR_ID, BUILDING_ID, NUMBER, IMAGE) VALUES ('Belkin4', 2, 4, '4_thefourthfloor.png');
INSERT INTO USER1.FLOOR (FLOOR_ID, BUILDING_ID, NUMBER, IMAGE) VALUES ('Belkin1', 2, 1, '1_thefirstfloor.png');
INSERT INTO USER1.FLOOR (FLOOR_ID, BUILDING_ID, NUMBER, IMAGE) VALUES ('Belkin2', 2, 2, '2_thesecondfloor.png');

INSERT INTO USER1.NODE (NODE_ID, POSX, POSY, FLOOR_ID, TYPE) VALUES ('7424666d-41ea-4491-a88e-e40dbc34ab74', 1165.5, 939.5, 'Faulkner6', 0);
INSERT INTO USER1.NODE (NODE_ID, POSX, POSY, FLOOR_ID, TYPE) VALUES ('2ade2768-a9a4-4763-91ca-3c6e44c73686', 1061.5, 940.5, 'Faulkner6', 5);
INSERT INTO USER1.NODE (NODE_ID, POSX, POSY, FLOOR_ID, TYPE) VALUES ('1fe42785-8cb5-4c6c-9bd4-227005ef0836', 1142.5, 916.5, 'Faulkner6', 6);
INSERT INTO USER1.NODE (NODE_ID, POSX, POSY, FLOOR_ID, TYPE) VALUES ('f58e9428-86c0-4fb6-ab6e-09e92a76c917', 1224.5, 939.5, 'Faulkner6', 5);
INSERT INTO USER1.NODE (NODE_ID, POSX, POSY, FLOOR_ID, TYPE) VALUES ('6af6e431-bedb-46aa-aab2-667eda5b687f', 1098.5, 914.5, 'Faulkner6', 2);
INSERT INTO USER1.NODE (NODE_ID, POSX, POSY, FLOOR_ID, TYPE) VALUES ('9aa49182-be18-4484-a286-cd064aea824e', 1121.5, 939.5, 'Faulkner6', 0);
INSERT INTO USER1.NODE (NODE_ID, POSX, POSY, FLOOR_ID, TYPE) VALUES ('02dff28a-8901-4230-af4a-566d65f6bffa', 1120.5, 915.5, 'Faulkner6', 0);
INSERT INTO USER1.NODE (NODE_ID, POSX, POSY, FLOOR_ID, TYPE) VALUES ('46b3d0ff-65b2-4af7-8a2a-2630413587e2', 1144.5, 841.5, 'Faulkner4', 0);
INSERT INTO USER1.NODE (NODE_ID, POSX, POSY, FLOOR_ID, TYPE) VALUES ('64b5220a-2940-4b34-9858-0fc56c3c516c', 1144.5, 913.5, 'Faulkner4', 0);
INSERT INTO USER1.NODE (NODE_ID, POSX, POSY, FLOOR_ID, TYPE) VALUES ('cc91e8c9-6972-40bc-a3a1-189d30fd9c9c', 1178.5, 678.5, 'Faulkner4', 5);
INSERT INTO USER1.NODE (NODE_ID, POSX, POSY, FLOOR_ID, TYPE) VALUES ('60eaa28b-ccea-4441-9864-f48c92f5e5da', 1144.5, 942.5, 'Faulkner4', 0);
INSERT INTO USER1.NODE (NODE_ID, POSX, POSY, FLOOR_ID, TYPE) VALUES ('7cd5f276-9770-4208-a1c7-d2eb20778b4d', 1281.5, 940.5, 'Faulkner4', 0);
INSERT INTO USER1.NODE (NODE_ID, POSX, POSY, FLOOR_ID, TYPE) VALUES ('7cb3e00b-3991-445d-b8fc-97f989f7e988', 1194.5, 523.5, 'Faulkner4', 0);
INSERT INTO USER1.NODE (NODE_ID, POSX, POSY, FLOOR_ID, TYPE) VALUES ('af1219de-94f2-428b-86e3-8b0f22a86b7e', 775.5, 977.5, 'Faulkner4', 4);
INSERT INTO USER1.NODE (NODE_ID, POSX, POSY, FLOOR_ID, TYPE) VALUES ('fe8b495c-57ae-4e88-90a5-fc2816567838', 1115.5, 840.5, 'Faulkner4', 5);
INSERT INTO USER1.NODE (NODE_ID, POSX, POSY, FLOOR_ID, TYPE) VALUES ('7ed502f8-5781-4332-b089-e74ca138d677', 1144.5, 564.5, 'Faulkner4', 0);
INSERT INTO USER1.NODE (NODE_ID, POSX, POSY, FLOOR_ID, TYPE) VALUES ('3833194e-632f-4a40-95fe-769877e49d04', 850.5, 941.5, 'Faulkner4', 0);
INSERT INTO USER1.NODE (NODE_ID, POSX, POSY, FLOOR_ID, TYPE) VALUES ('28ae28bc-7602-45fe-a995-920dbcdd15bd', 774.5, 943.5, 'Faulkner4', 0);
INSERT INTO USER1.NODE (NODE_ID, POSX, POSY, FLOOR_ID, TYPE) VALUES ('d50b6250-2a5e-4b43-b259-3555acabcb36', 1073.5, 973.5, 'Faulkner4', 4);
INSERT INTO USER1.NODE (NODE_ID, POSX, POSY, FLOOR_ID, TYPE) VALUES ('1f98b379-5b31-4bec-ac15-44b59f883dce', 1143.5, 528.5, 'Faulkner4', 0);
INSERT INTO USER1.NODE (NODE_ID, POSX, POSY, FLOOR_ID, TYPE) VALUES ('0663ce66-f515-4c39-939e-f61a877ca875', 1282.5, 968.5, 'Faulkner4', 5);
INSERT INTO USER1.NODE (NODE_ID, POSX, POSY, FLOOR_ID, TYPE) VALUES ('4198db5b-ef44-454d-821b-f4ba0c04224b', 1175.5, 469.5, 'Faulkner4', 5);
INSERT INTO USER1.NODE (NODE_ID, POSX, POSY, FLOOR_ID, TYPE) VALUES ('105495da-49ec-4487-89ed-bb3a3d3466a2', 1167.5, 528.5, 'Faulkner4', 6);
INSERT INTO USER1.NODE (NODE_ID, POSX, POSY, FLOOR_ID, TYPE) VALUES ('c9dac551-628f-444e-9906-0750b3fb8e8f', 1145.5, 661.5, 'Faulkner4', 0);
INSERT INTO USER1.NODE (NODE_ID, POSX, POSY, FLOOR_ID, TYPE) VALUES ('b361ec56-e807-4be8-b936-fd5936dfab81', 851.5, 917.5, 'Faulkner4', 5);
INSERT INTO USER1.NODE (NODE_ID, POSX, POSY, FLOOR_ID, TYPE) VALUES ('2cece76d-43a0-40a0-9b10-29200479dba2', 1145.5, 676.5, 'Faulkner4', 0);
INSERT INTO USER1.NODE (NODE_ID, POSX, POSY, FLOOR_ID, TYPE) VALUES ('d233712b-3b17-4ec9-80bd-e388b0de5206', 1098.5, 914.5, 'Faulkner4', 2);
INSERT INTO USER1.NODE (NODE_ID, POSX, POSY, FLOOR_ID, TYPE) VALUES ('98b2bcb4-602a-4cbd-883b-9d22e9de3439', 1144.5, 510.5, 'Faulkner4', 0);
INSERT INTO USER1.NODE (NODE_ID, POSX, POSY, FLOOR_ID, TYPE) VALUES ('3ff3d9ff-3ea4-4411-8e32-6ccac3b6c818', 1112.5, 659.5, 'Faulkner4', 5);
INSERT INTO USER1.NODE (NODE_ID, POSX, POSY, FLOOR_ID, TYPE) VALUES ('98f48268-e8c0-4102-a461-4ce5dd8fe3a5', 1180.5, 628.5, 'Faulkner4', 5);
INSERT INTO USER1.NODE (NODE_ID, POSX, POSY, FLOOR_ID, TYPE) VALUES ('5733fea7-088e-4a8e-afaa-7fcfa4c3de43', 1194.5, 539.5, 'Faulkner4', 0);
INSERT INTO USER1.NODE (NODE_ID, POSX, POSY, FLOOR_ID, TYPE) VALUES ('739d768c-c77b-433c-a412-f061d47984ad', 1229.5, 581.5, 'Faulkner4', 5);
INSERT INTO USER1.NODE (NODE_ID, POSX, POSY, FLOOR_ID, TYPE) VALUES ('81365d0f-7786-479f-a81b-1c1b52772c62', 988.5, 940.5, 'Faulkner4', 0);
INSERT INTO USER1.NODE (NODE_ID, POSX, POSY, FLOOR_ID, TYPE) VALUES ('f1788227-d7f6-4abb-a046-607800f4c32e', 1166.5, 513.5, 'Faulkner4', 0);
INSERT INTO USER1.NODE (NODE_ID, POSX, POSY, FLOOR_ID, TYPE) VALUES ('6940d2f4-155a-4595-a0cc-e7d15520bc71', 1194.5, 582.5, 'Faulkner4', 0);
INSERT INTO USER1.NODE (NODE_ID, POSX, POSY, FLOOR_ID, TYPE) VALUES ('eabc4a1c-acab-4249-b31a-c4c2c7bdaa90', 1229.5, 538.5, 'Faulkner4', 5);
INSERT INTO USER1.NODE (NODE_ID, POSX, POSY, FLOOR_ID, TYPE) VALUES ('6017b9e8-b79b-41a0-aa68-70ad129f4ca9', 1119.5, 527.5, 'Faulkner4', 6);
INSERT INTO USER1.NODE (NODE_ID, POSX, POSY, FLOOR_ID, TYPE) VALUES ('de6ee287-4789-40f0-8a38-1fa6ece13057', 1144.5, 627.5, 'Faulkner4', 0);
INSERT INTO USER1.NODE (NODE_ID, POSX, POSY, FLOOR_ID, TYPE) VALUES ('ead8a4b7-146f-489b-b858-27ff5a97a352', 1119.5, 468.5, 'Faulkner4', 5);
INSERT INTO USER1.NODE (NODE_ID, POSX, POSY, FLOOR_ID, TYPE) VALUES ('da146830-0a49-4399-bc70-2c33d6dff092', 1143.5, 734.5, 'Faulkner4', 0);
INSERT INTO USER1.NODE (NODE_ID, POSX, POSY, FLOOR_ID, TYPE) VALUES ('c650a4ed-c804-4b0e-ba01-e387f03816b3', 988.5, 970.5, 'Faulkner4', 6);
INSERT INTO USER1.NODE (NODE_ID, POSX, POSY, FLOOR_ID, TYPE) VALUES ('f8b5515a-83e9-408a-acf4-5f0b66316a79', 1072.5, 942.5, 'Faulkner4', 0);
INSERT INTO USER1.NODE (NODE_ID, POSX, POSY, FLOOR_ID, TYPE) VALUES ('fe7b7f4d-9342-443d-8469-8cc7b73637ad', 1132.5, 511.5, 'Faulkner4', 0);
INSERT INTO USER1.NODE (NODE_ID, POSX, POSY, FLOOR_ID, TYPE) VALUES ('2824aadd-f8ca-4be9-a87b-f13a796164c4', 1177.5, 734.5, 'Faulkner4', 5);
INSERT INTO USER1.NODE (NODE_ID, POSX, POSY, FLOOR_ID, TYPE) VALUES ('e649ba0d-850d-465b-a99c-49eb2aff0f1a', 1089.5, 484.5, 'Faulkner5', 5);
INSERT INTO USER1.NODE (NODE_ID, POSX, POSY, FLOOR_ID, TYPE) VALUES ('52452166-51a6-425b-bdc2-ced8fe517f95', 1146.5, 913.5, 'Faulkner5', 6);
INSERT INTO USER1.NODE (NODE_ID, POSX, POSY, FLOOR_ID, TYPE) VALUES ('066e34a5-bc9f-413f-8519-f5608a05bcd5', 1095.5, 523.5, 'Faulkner5', 0);
INSERT INTO USER1.NODE (NODE_ID, POSX, POSY, FLOOR_ID, TYPE) VALUES ('ed86642c-1a1c-4557-95c5-112f22ab1b64', 1096.5, 583.5, 'Faulkner5', 0);
INSERT INTO USER1.NODE (NODE_ID, POSX, POSY, FLOOR_ID, TYPE) VALUES ('b1ebf8bc-f007-4d6b-9136-b24b63de2c10', 1109.5, 736.5, 'Faulkner5', 5);
INSERT INTO USER1.NODE (NODE_ID, POSX, POSY, FLOOR_ID, TYPE) VALUES ('f3792ead-4c2c-4857-8962-ba10a9695bbf', 1098.5, 914.5, 'Faulkner5', 2);
INSERT INTO USER1.NODE (NODE_ID, POSX, POSY, FLOOR_ID, TYPE) VALUES ('fc00e2b4-622a-4df7-8254-c34e5b17c62f', 1140.5, 506.5, 'Faulkner5', 0);
INSERT INTO USER1.NODE (NODE_ID, POSX, POSY, FLOOR_ID, TYPE) VALUES ('827452ab-4aef-4f3b-9f4b-7ceadfccb8ed', 1120.5, 892.5, 'Faulkner5', 0);
INSERT INTO USER1.NODE (NODE_ID, POSX, POSY, FLOOR_ID, TYPE) VALUES ('81d74e72-7caa-4e7c-8f2d-24dabc3ea331', 1110.5, 661.5, 'Faulkner5', 5);
INSERT INTO USER1.NODE (NODE_ID, POSX, POSY, FLOOR_ID, TYPE) VALUES ('41a57634-a12b-40a6-921c-8cffb048c3b9', 1169.5, 939.5, 'Faulkner5', 0);
INSERT INTO USER1.NODE (NODE_ID, POSX, POSY, FLOOR_ID, TYPE) VALUES ('b9b3646d-3ada-4966-a1c6-f4acbea820af', 1144.5, 625.5, 'Faulkner5', 0);
INSERT INTO USER1.NODE (NODE_ID, POSX, POSY, FLOOR_ID, TYPE) VALUES ('834fd410-92f5-4403-bb81-06c3cdab094f', 1146.5, 975.5, 'Faulkner5', 5);
INSERT INTO USER1.NODE (NODE_ID, POSX, POSY, FLOOR_ID, TYPE) VALUES ('99a1b233-fe9e-4be9-9d1d-53c38e018b6b', 1145.5, 868.5, 'Faulkner5', 0);
INSERT INTO USER1.NODE (NODE_ID, POSX, POSY, FLOOR_ID, TYPE) VALUES ('4592eff5-5a41-4d05-9c5f-5a7f6849661b', 1178.5, 868.5, 'Faulkner5', 5);
INSERT INTO USER1.NODE (NODE_ID, POSX, POSY, FLOOR_ID, TYPE) VALUES ('a1ad5380-5e07-44b7-89fa-330707d14fe2', 1121.5, 526.5, 'Faulkner5', 6);
INSERT INTO USER1.NODE (NODE_ID, POSX, POSY, FLOOR_ID, TYPE) VALUES ('230ed984-adac-41b6-ac74-72069e922b24', 1144.5, 568.5, 'Faulkner5', 0);
INSERT INTO USER1.NODE (NODE_ID, POSX, POSY, FLOOR_ID, TYPE) VALUES ('f51f6717-2609-468d-a665-1683c44b0c74', 1179.5, 741.5, 'Faulkner5', 5);
INSERT INTO USER1.NODE (NODE_ID, POSX, POSY, FLOOR_ID, TYPE) VALUES ('d5b1b477-dc4c-4419-b6d8-c4aeba006c3c', 1168.5, 912.5, 'Faulkner5', 0);
INSERT INTO USER1.NODE (NODE_ID, POSX, POSY, FLOOR_ID, TYPE) VALUES ('e730b495-72f9-4cd2-a4ba-cfedbeaf9e2d', 1169.5, 526.5, 'Faulkner5', 6);
INSERT INTO USER1.NODE (NODE_ID, POSX, POSY, FLOOR_ID, TYPE) VALUES ('e0a9e293-7d37-4d77-a066-78644c4c6e29', 1141.5, 472.5, 'Faulkner5', 5);
INSERT INTO USER1.NODE (NODE_ID, POSX, POSY, FLOOR_ID, TYPE) VALUES ('58706550-50bd-4977-954a-92b80a87ec7f', 1227.5, 583.5, 'Faulkner5', 5);
INSERT INTO USER1.NODE (NODE_ID, POSX, POSY, FLOOR_ID, TYPE) VALUES ('cc3c0c74-f2b1-4a35-a609-765aba32bc0f', 983.5, 940.5, 'Faulkner5', 0);
INSERT INTO USER1.NODE (NODE_ID, POSX, POSY, FLOOR_ID, TYPE) VALUES ('23bf8112-ac98-44cb-9d73-88bc287dc8a8', 1145.5, 891.5, 'Faulkner5', 0);
INSERT INTO USER1.NODE (NODE_ID, POSX, POSY, FLOOR_ID, TYPE) VALUES ('9d3f99a1-5425-4399-a143-4efedb35ffcd', 827.5, 939.5, 'Faulkner5', 5);
INSERT INTO USER1.NODE (NODE_ID, POSX, POSY, FLOOR_ID, TYPE) VALUES ('a2a0b8be-fb44-434a-9fc7-542049758f6b', 1194.5, 584.5, 'Faulkner5', 0);
INSERT INTO USER1.NODE (NODE_ID, POSX, POSY, FLOOR_ID, TYPE) VALUES ('7d61f304-a4dd-4deb-9b13-0967af9c9557', 1121.5, 939.5, 'Faulkner5', 0);
INSERT INTO USER1.NODE (NODE_ID, POSX, POSY, FLOOR_ID, TYPE) VALUES ('522a7226-e836-4172-8732-d77eb5a84bc0', 1200.5, 485.5, 'Faulkner5', 5);
INSERT INTO USER1.NODE (NODE_ID, POSX, POSY, FLOOR_ID, TYPE) VALUES ('7015f539-00e6-4d61-b5bd-13e832b97177', 1144.5, 529.5, 'Faulkner5', 0);
INSERT INTO USER1.NODE (NODE_ID, POSX, POSY, FLOOR_ID, TYPE) VALUES ('4de83b1f-2691-41cc-a420-228e0a228f16', 1146.5, 940.5, 'Faulkner5', 0);
INSERT INTO USER1.NODE (NODE_ID, POSX, POSY, FLOOR_ID, TYPE) VALUES ('417002d4-aab1-4cfe-b326-da4b184c973a', 1062.5, 582.5, 'Faulkner5', 5);
INSERT INTO USER1.NODE (NODE_ID, POSX, POSY, FLOOR_ID, TYPE) VALUES ('713ceadf-e0b1-4c73-ab30-76f582656132', 1194.5, 526.5, 'Faulkner5', 0);
INSERT INTO USER1.NODE (NODE_ID, POSX, POSY, FLOOR_ID, TYPE) VALUES ('bedc5d89-b4c8-46c7-86a5-d0c3bfe193e9', 1122.5, 914.5, 'Faulkner5', 0);
INSERT INTO USER1.NODE (NODE_ID, POSX, POSY, FLOOR_ID, TYPE) VALUES ('b4bcbf36-e99c-4ce7-9064-2853279c082e', 1215.5, 939.5, 'Faulkner5', 5);
INSERT INTO USER1.NODE (NODE_ID, POSX, POSY, FLOOR_ID, TYPE) VALUES ('475e4cf4-9bcc-40cc-992a-7bd495acd00d', 1181.5, 662.5, 'Faulkner5', 5);
INSERT INTO USER1.NODE (NODE_ID, POSX, POSY, FLOOR_ID, TYPE) VALUES ('c4b0f5a9-0d75-4375-92ac-8c9aed724b68', 982.5, 971.5, 'Faulkner5', 5);
INSERT INTO USER1.NODE (NODE_ID, POSX, POSY, FLOOR_ID, TYPE) VALUES ('b832b9b8-5c5a-4f24-ba4b-91697ef957d8', 1183.5, 517.5, 'Faulkner5', 0);
INSERT INTO USER1.NODE (NODE_ID, POSX, POSY, FLOOR_ID, TYPE) VALUES ('62d56535-b9e4-453c-916c-4734059ca206', 1145.5, 663.5, 'Faulkner5', 0);
INSERT INTO USER1.NODE (NODE_ID, POSX, POSY, FLOOR_ID, TYPE) VALUES ('cf032a0a-9509-4ea6-b618-339cfb88b517', 1168.5, 892.5, 'Faulkner5', 0);
INSERT INTO USER1.NODE (NODE_ID, POSX, POSY, FLOOR_ID, TYPE) VALUES ('6432d17f-7171-4fe6-a66d-bbc5dd58be97', 1180.5, 626.5, 'Faulkner5', 5);
INSERT INTO USER1.NODE (NODE_ID, POSX, POSY, FLOOR_ID, TYPE) VALUES ('5d0deb83-4c86-4f0b-9f7d-138dd7ee00e0', 1110.5, 625.5, 'Faulkner5', 5);
INSERT INTO USER1.NODE (NODE_ID, POSX, POSY, FLOOR_ID, TYPE) VALUES ('a7e4f7a3-2c98-469f-82e9-379cb54e9384', 1144.5, 737.5, 'Faulkner5', 0);
INSERT INTO USER1.NODE (NODE_ID, POSX, POSY, FLOOR_ID, TYPE) VALUES ('442b8d2e-3110-4fdf-a1b5-692963655cf3', 1097.5, 917.5, 'Faulkner3', 2);
INSERT INTO USER1.NODE (NODE_ID, POSX, POSY, FLOOR_ID, TYPE) VALUES ('e5610b13-5ff0-4a7d-9670-3049553dc738', 1191.5, 522.5, 'Faulkner3', 0);
INSERT INTO USER1.NODE (NODE_ID, POSX, POSY, FLOOR_ID, TYPE) VALUES ('d6b0bb1c-12e6-417b-9c3f-353a21724740', 1194.5, 689.5, 'Faulkner3', 3);
INSERT INTO USER1.NODE (NODE_ID, POSX, POSY, FLOOR_ID, TYPE) VALUES ('813a7ede-1b6e-44d5-8729-ca76645b2d5c', 1144.5, 570.5, 'Faulkner3', 0);
INSERT INTO USER1.NODE (NODE_ID, POSX, POSY, FLOOR_ID, TYPE) VALUES ('56fb9699-b6f2-4041-adaa-10862d2caa1b', 1175.5, 513.5, 'Faulkner3', 0);
INSERT INTO USER1.NODE (NODE_ID, POSX, POSY, FLOOR_ID, TYPE) VALUES ('d55a5a75-92ab-4eb9-8778-9a6cf6c35961', 1111.5, 515.5, 'Faulkner3', 0);
INSERT INTO USER1.NODE (NODE_ID, POSX, POSY, FLOOR_ID, TYPE) VALUES ('74352d38-67c9-46db-898f-05b4eb48e4a7', 1146.5, 997.5, 'Faulkner3', 0);
INSERT INTO USER1.NODE (NODE_ID, POSX, POSY, FLOOR_ID, TYPE) VALUES ('cb43ca03-f924-4f61-91c3-a173c3070ffe', 1097.5, 522.5, 'Faulkner3', 0);
INSERT INTO USER1.NODE (NODE_ID, POSX, POSY, FLOOR_ID, TYPE) VALUES ('bfa9e9ed-38d2-4eac-ba31-528d6f254c36', 1123.5, 603.5, 'Faulkner3', 0);
INSERT INTO USER1.NODE (NODE_ID, POSX, POSY, FLOOR_ID, TYPE) VALUES ('ee609d32-863c-45fe-94ed-3091f4925628', 1143.5, 714.5, 'Faulkner3', 0);
INSERT INTO USER1.NODE (NODE_ID, POSX, POSY, FLOOR_ID, TYPE) VALUES ('9321253f-36a7-44c3-a5f1-e3834ebf626d', 1183.5, 483.5, 'Faulkner3', 5);
INSERT INTO USER1.NODE (NODE_ID, POSX, POSY, FLOOR_ID, TYPE) VALUES ('a44edfb2-8b24-40f7-a7b2-eaab9d229f08', 1143.5, 828.5, 'Faulkner3', 0);
INSERT INTO USER1.NODE (NODE_ID, POSX, POSY, FLOOR_ID, TYPE) VALUES ('530304ec-8292-4f71-8982-f9852befac07', 1097.5, 735.5, 'Faulkner3', 1);
INSERT INTO USER1.NODE (NODE_ID, POSX, POSY, FLOOR_ID, TYPE) VALUES ('c3c011f7-674b-4392-9160-7671b525717d', 1142.5, 688.5, 'Faulkner3', 0);
INSERT INTO USER1.NODE (NODE_ID, POSX, POSY, FLOOR_ID, TYPE) VALUES ('d254c4b2-79c6-4f93-aa4b-1293da5d571f', 1215.5, 503.5, 'Faulkner3', 5);
INSERT INTO USER1.NODE (NODE_ID, POSX, POSY, FLOOR_ID, TYPE) VALUES ('5204a192-5338-4b27-a2e3-ce78d0b1fd09', 1144.5, 512.5, 'Faulkner3', 0);
INSERT INTO USER1.NODE (NODE_ID, POSX, POSY, FLOOR_ID, TYPE) VALUES ('4550f4d2-dbba-4832-9e43-b29ad0b0f549', 1146.5, 1037.5, 'Faulkner3', 4);
INSERT INTO USER1.NODE (NODE_ID, POSX, POSY, FLOOR_ID, TYPE) VALUES ('f9b2320c-6f2a-4e2b-9a5a-5865da87bc2c', 1067.5, 995.5, 'Faulkner3', 4);
INSERT INTO USER1.NODE (NODE_ID, POSX, POSY, FLOOR_ID, TYPE) VALUES ('f6b8d879-0ee3-4eac-a8a2-b6d1f5bdc4ed', 1210.5, 996.5, 'Faulkner3', 4);
INSERT INTO USER1.NODE (NODE_ID, POSX, POSY, FLOOR_ID, TYPE) VALUES ('3975dda0-e915-4209-af58-b5434f83d37e', 1113.5, 829.5, 'Faulkner3', 1);
INSERT INTO USER1.NODE (NODE_ID, POSX, POSY, FLOOR_ID, TYPE) VALUES ('93eb8895-45f2-46f0-a412-af62ff09cb74', 1096.5, 532.5, 'Faulkner3', 0);
INSERT INTO USER1.NODE (NODE_ID, POSX, POSY, FLOOR_ID, TYPE) VALUES ('4d3b5d98-acdc-41ef-8620-6baaa0dc2eb4', 1144.5, 602.5, 'Faulkner3', 0);
INSERT INTO USER1.NODE (NODE_ID, POSX, POSY, FLOOR_ID, TYPE) VALUES ('4bd07514-0b9a-4461-a704-9d9f15926b40', 1145.5, 917.5, 'Faulkner3', 0);
INSERT INTO USER1.NODE (NODE_ID, POSX, POSY, FLOOR_ID, TYPE) VALUES ('c4e4f46e-bb19-4ff3-9942-198679d26b4e', 1122.5, 689.5, 'Faulkner3', 0);
INSERT INTO USER1.NODE (NODE_ID, POSX, POSY, FLOOR_ID, TYPE) VALUES ('8f77223e-0375-4e79-ac26-f696e6681125', 1066.5, 533.5, 'Faulkner3', 5);
INSERT INTO USER1.NODE (NODE_ID, POSX, POSY, FLOOR_ID, TYPE) VALUES ('603bde3d-a6ea-4b59-ac9e-d1b755e15140', 1096.5, 701.5, 'Faulkner3', 0);
INSERT INTO USER1.NODE (NODE_ID, POSX, POSY, FLOOR_ID, TYPE) VALUES ('d3a9ed12-b869-4211-ae7c-05db4cdd0cfb', 1078.5, 619.5, 'Faulkner1', 0);
INSERT INTO USER1.NODE (NODE_ID, POSX, POSY, FLOOR_ID, TYPE) VALUES ('10d9847c-7149-46df-9cd4-83b610e8fc7b', 955.5, 638.5, 'Faulkner1', 5);
INSERT INTO USER1.NODE (NODE_ID, POSX, POSY, FLOOR_ID, TYPE) VALUES ('71bbe0bd-50af-483e-8656-f4b5e5debaac', 1146.5, 763.5, 'Faulkner1', 0);
INSERT INTO USER1.NODE (NODE_ID, POSX, POSY, FLOOR_ID, TYPE) VALUES ('a71b389f-6bf7-4ea1-92cf-a713c762dde5', 1247.5, 645.5, 'Faulkner1', 5);
INSERT INTO USER1.NODE (NODE_ID, POSX, POSY, FLOOR_ID, TYPE) VALUES ('82ab6858-17ef-4b3d-82f3-b7b407c6b6ab', 1247.5, 736.5, 'Faulkner1', 5);
INSERT INTO USER1.NODE (NODE_ID, POSX, POSY, FLOOR_ID, TYPE) VALUES ('27c31b7e-21ce-43e1-b767-0a66b06d5f73', 1145.5, 496.5, 'Faulkner1', 0);
INSERT INTO USER1.NODE (NODE_ID, POSX, POSY, FLOOR_ID, TYPE) VALUES ('43e97be2-02ac-4e96-a8a7-7cce131ff149', 1023.5, 788.5, 'Faulkner1', 5);
INSERT INTO USER1.NODE (NODE_ID, POSX, POSY, FLOOR_ID, TYPE) VALUES ('22a0d570-f82b-40ee-ae5a-5847a140b058', 1096.5, 595.5, 'Faulkner1', 6);
INSERT INTO USER1.NODE (NODE_ID, POSX, POSY, FLOOR_ID, TYPE) VALUES ('7a66dfa0-7a23-4bd5-b436-a8b296eb808d', 1145.5, 569.5, 'Faulkner1', 0);
INSERT INTO USER1.NODE (NODE_ID, POSX, POSY, FLOOR_ID, TYPE) VALUES ('55d658d1-0a86-4977-ba10-9453000cb2ac', 1146.5, 912.5, 'Faulkner1', 0);
INSERT INTO USER1.NODE (NODE_ID, POSX, POSY, FLOOR_ID, TYPE) VALUES ('dac7896a-f39e-442b-9c5c-a99aa671b0ba', 1212.5, 620.5, 'Faulkner1', 0);
INSERT INTO USER1.NODE (NODE_ID, POSX, POSY, FLOOR_ID, TYPE) VALUES ('990a8650-9bf4-4150-a336-28964b29d66e', 1146.5, 638.5, 'Faulkner1', 0);
INSERT INTO USER1.NODE (NODE_ID, POSX, POSY, FLOOR_ID, TYPE) VALUES ('ad687360-4f33-4dd9-8048-b87f8910281e', 1212.5, 737.5, 'Faulkner1', 0);
INSERT INTO USER1.NODE (NODE_ID, POSX, POSY, FLOOR_ID, TYPE) VALUES ('30aacb3b-2447-40a1-92dd-fe8bfc1957a3', 1098.5, 914.5, 'Faulkner1', 2);
INSERT INTO USER1.NODE (NODE_ID, POSX, POSY, FLOOR_ID, TYPE) VALUES ('b418ca45-d9c0-4d9f-a709-f4da0f346c3e', 1078.5, 654.5, 'Faulkner1', 5);
INSERT INTO USER1.NODE (NODE_ID, POSX, POSY, FLOOR_ID, TYPE) VALUES ('0eb956f7-1243-4500-814a-9bdd0aacf614', 1002.5, 619.5, 'Faulkner1', 0);
INSERT INTO USER1.NODE (NODE_ID, POSX, POSY, FLOOR_ID, TYPE) VALUES ('6ee27058-9aef-413d-ab34-212c72d31687', 967.5, 620.5, 'Faulkner1', 0);
INSERT INTO USER1.NODE (NODE_ID, POSX, POSY, FLOOR_ID, TYPE) VALUES ('e5ed68ae-b0c5-4dde-82ee-a3d9b4296b6d', 1001.5, 573.5, 'Faulkner1', 4);
INSERT INTO USER1.NODE (NODE_ID, POSX, POSY, FLOOR_ID, TYPE) VALUES ('4fae4afb-08e6-4bbe-be4a-1de551c0144e', 1023.5, 762.5, 'Faulkner1', 0);
INSERT INTO USER1.NODE (NODE_ID, POSX, POSY, FLOOR_ID, TYPE) VALUES ('d61b087d-d9f5-44af-ac8f-2c33364ec322', 1246.5, 622.5, 'Faulkner1', 0);
INSERT INTO USER1.NODE (NODE_ID, POSX, POSY, FLOOR_ID, TYPE) VALUES ('fec37d15-c0e5-45ff-9162-5bd60f518d18', 1045.5, 498.5, 'Faulkner1', 3);
INSERT INTO USER1.NODE (NODE_ID, POSX, POSY, FLOOR_ID, TYPE) VALUES ('a88afaad-3b44-4a3e-befc-6228423e4803', 1144.5, 621.5, 'Faulkner1', 0);
INSERT INTO USER1.NODE (NODE_ID, POSX, POSY, FLOOR_ID, TYPE) VALUES ('aabf7ed7-7441-4449-958a-e7607653c2ed', 966.5, 550.5, 'Faulkner1', 5);
INSERT INTO USER1.NODE (NODE_ID, POSX, POSY, FLOOR_ID, TYPE) VALUES ('c1d1f483-3698-4075-9411-804d51bd86eb', 1029.5, 619.5, 'Faulkner1', 0);
INSERT INTO USER1.NODE (NODE_ID, POSX, POSY, FLOOR_ID, TYPE) VALUES ('d4165fc8-4bfb-4b87-92bd-f0edb3603764', 1166.5, 646.5, 'Faulkner1', 5);
INSERT INTO USER1.NODE (NODE_ID, POSX, POSY, FLOOR_ID, TYPE) VALUES ('f88595e7-0659-4558-bfa6-f785f6b04e4b', 1145.5, 514.5, 'Faulkner1', 0);
INSERT INTO USER1.NODE (NODE_ID, POSX, POSY, FLOOR_ID, TYPE) VALUES ('31e6c542-fb17-48dc-bc43-1a9332d998da', 1212.5, 763.5, 'Faulkner1', 0);
INSERT INTO USER1.NODE (NODE_ID, POSX, POSY, FLOOR_ID, TYPE) VALUES ('c92371d3-d392-4922-ac12-6e54a112252a', 1096.5, 619.5, 'Faulkner1', 0);
INSERT INTO USER1.NODE (NODE_ID, POSX, POSY, FLOOR_ID, TYPE) VALUES ('30fc414a-cb2d-4221-9c20-f61626be5fa1', 1167.5, 936.5, 'Faulkner7', 0);
INSERT INTO USER1.NODE (NODE_ID, POSX, POSY, FLOOR_ID, TYPE) VALUES ('9e8be267-4215-496e-a2a3-7660b4efaebf', 1124.5, 911.5, 'Faulkner7', 0);
INSERT INTO USER1.NODE (NODE_ID, POSX, POSY, FLOOR_ID, TYPE) VALUES ('b4ff8184-dd87-4756-b6c0-f90e8bb5bf55', 1124.5, 936.5, 'Faulkner7', 0);
INSERT INTO USER1.NODE (NODE_ID, POSX, POSY, FLOOR_ID, TYPE) VALUES ('8fe24766-b87d-495f-8829-9a8321fd0bf6', 1098.5, 914.5, 'Faulkner7', 2);
INSERT INTO USER1.NODE (NODE_ID, POSX, POSY, FLOOR_ID, TYPE) VALUES ('3ebc9260-cde9-4be9-9051-07ae8e0c3cc5', 1224.5, 937.5, 'Faulkner7', 5);
INSERT INTO USER1.NODE (NODE_ID, POSX, POSY, FLOOR_ID, TYPE) VALUES ('8ed34789-0e0e-43ce-babb-a907268d70e0', 1061.5, 935.5, 'Faulkner7', 5);
INSERT INTO USER1.NODE (NODE_ID, POSX, POSY, FLOOR_ID, TYPE) VALUES ('bfeb7734-10dd-4950-9dc7-5af972539340', 1145.5, 910.5, 'Faulkner7', 6);
INSERT INTO USER1.NODE (NODE_ID, POSX, POSY, FLOOR_ID, TYPE) VALUES ('8af73c3d-7516-442a-92c8-1de35906949f', 1230.5, 787.5, 'Faulkner2', 0);
INSERT INTO USER1.NODE (NODE_ID, POSX, POSY, FLOOR_ID, TYPE) VALUES ('689ca698-426b-45e8-a766-b7a3ba29d103', 1229.5, 616.5, 'Faulkner2', 0);
INSERT INTO USER1.NODE (NODE_ID, POSX, POSY, FLOOR_ID, TYPE) VALUES ('85a84357-1827-42b4-89a7-44bdea95d9e8', 1190.5, 616.5, 'Faulkner2', 0);
INSERT INTO USER1.NODE (NODE_ID, POSX, POSY, FLOOR_ID, TYPE) VALUES ('a4be61fc-262b-482f-849a-8a6229610bf4', 1146.5, 528.5, 'Faulkner2', 0);
INSERT INTO USER1.NODE (NODE_ID, POSX, POSY, FLOOR_ID, TYPE) VALUES ('15e61427-8d32-47c4-b461-677cda14e835', 1121.5, 990.5, 'Faulkner2', 5);
INSERT INTO USER1.NODE (NODE_ID, POSX, POSY, FLOOR_ID, TYPE) VALUES ('9c50359a-c8f7-4cd6-a0fc-e246d86e8113', 1120.5, 918.5, 'Faulkner2', 0);
INSERT INTO USER1.NODE (NODE_ID, POSX, POSY, FLOOR_ID, TYPE) VALUES ('3b7731bf-b7c0-404f-a3e9-a4a0edcccdcc', 1144.5, 600.5, 'Faulkner2', 0);
INSERT INTO USER1.NODE (NODE_ID, POSX, POSY, FLOOR_ID, TYPE) VALUES ('b01d6e5b-faf9-4467-910d-cc848be36f1d', 1190.5, 601.5, 'Faulkner2', 0);
INSERT INTO USER1.NODE (NODE_ID, POSX, POSY, FLOOR_ID, TYPE) VALUES ('da7fe836-2eaa-44c1-9e10-6793f657c505', 1146.5, 512.5, 'Faulkner2', 0);
INSERT INTO USER1.NODE (NODE_ID, POSX, POSY, FLOOR_ID, TYPE) VALUES ('852afa7b-5ba9-4d29-a404-87f9fddfcec6', 1098.5, 914.5, 'Faulkner2', 2);
INSERT INTO USER1.NODE (NODE_ID, POSX, POSY, FLOOR_ID, TYPE) VALUES ('44ac7b6a-feef-4002-9bef-03f483dc3f9b', 1264.5, 786.5, 'Faulkner2', 5);
INSERT INTO USER1.NODE (NODE_ID, POSX, POSY, FLOOR_ID, TYPE) VALUES ('13b415b5-5b00-4d63-8c3d-38c265ff331f', 1213.5, 516.5, 'Faulkner2', 5);
INSERT INTO USER1.NODE (NODE_ID, POSX, POSY, FLOOR_ID, TYPE) VALUES ('010487c8-782f-4d7a-848a-1e4d4c7b09fb', 1084.5, 523.5, 'Faulkner2', 5);
INSERT INTO USER1.NODE (NODE_ID, POSX, POSY, FLOOR_ID, TYPE) VALUES ('c1f90c0f-c31c-4608-b9c5-47d9d9c6488d', 1145.5, 565.5, 'Faulkner2', 0);
INSERT INTO USER1.NODE (NODE_ID, POSX, POSY, FLOOR_ID, TYPE) VALUES ('450df567-44a1-4057-8259-e51d1356564c', 1175.5, 563.5, 'Faulkner2', 5);
INSERT INTO USER1.NODE (NODE_ID, POSX, POSY, FLOOR_ID, TYPE) VALUES ('e2a6acf7-dd97-49c0-a136-705c53e322c7', 701.5, 329.5, 'Belkin1', 0);
INSERT INTO USER1.NODE (NODE_ID, POSX, POSY, FLOOR_ID, TYPE) VALUES ('377a7749-11d7-40a2-9841-d53d1df57130', 700.5, 307.5, 'Belkin1', 0);

INSERT INTO USER1.EDGE (EDGE_ID, NODEA, NODEB, COST, FLOOR_ID) VALUES (1, '6017b9e8-b79b-41a0-aa68-70ad129f4ca9', '1f98b379-5b31-4bec-ac15-44b59f883dce', 24.020824298928627, 'Faulkner4');
INSERT INTO USER1.EDGE (EDGE_ID, NODEA, NODEB, COST, FLOOR_ID) VALUES (2, '99a1b233-fe9e-4be9-9d1d-53c38e018b6b', 'a7e4f7a3-2c98-469f-82e9-379cb54e9384', 131.00381673829202, 'Faulkner5');
INSERT INTO USER1.EDGE (EDGE_ID, NODEA, NODEB, COST, FLOOR_ID) VALUES (3, 'c4e4f46e-bb19-4ff3-9942-198679d26b4e', '603bde3d-a6ea-4b59-ac9e-d1b755e15140', 28.635642126552707, 'Faulkner3');
INSERT INTO USER1.EDGE (EDGE_ID, NODEA, NODEB, COST, FLOOR_ID) VALUES (4, '6ee27058-9aef-413d-ab34-212c72d31687', '10d9847c-7149-46df-9cd4-83b610e8fc7b', 21.633307652783937, 'Faulkner1');
INSERT INTO USER1.EDGE (EDGE_ID, NODEA, NODEB, COST, FLOOR_ID) VALUES (5, '9e8be267-4215-496e-a2a3-7660b4efaebf', 'b4ff8184-dd87-4756-b6c0-f90e8bb5bf55', 25, 'Faulkner7');
INSERT INTO USER1.EDGE (EDGE_ID, NODEA, NODEB, COST, FLOOR_ID) VALUES (6, '066e34a5-bc9f-413f-8519-f5608a05bcd5', 'ed86642c-1a1c-4557-95c5-112f22ab1b64', 60.00833275470999, 'Faulkner5');
INSERT INTO USER1.EDGE (EDGE_ID, NODEA, NODEB, COST, FLOOR_ID) VALUES (7, '7ed502f8-5781-4332-b089-e74ca138d677', '1f98b379-5b31-4bec-ac15-44b59f883dce', 36.013886210738214, 'Faulkner4');
INSERT INTO USER1.EDGE (EDGE_ID, NODEA, NODEB, COST, FLOOR_ID) VALUES (8, 'd61b087d-d9f5-44af-ac8f-2c33364ec322', 'a71b389f-6bf7-4ea1-92cf-a713c762dde5', 23.021728866442675, 'Faulkner1');
INSERT INTO USER1.EDGE (EDGE_ID, NODEA, NODEB, COST, FLOOR_ID) VALUES (9, '689ca698-426b-45e8-a766-b7a3ba29d103', '85a84357-1827-42b4-89a7-44bdea95d9e8', 39, 'Faulkner2');
INSERT INTO USER1.EDGE (EDGE_ID, NODEA, NODEB, COST, FLOOR_ID) VALUES (10, 'd5b1b477-dc4c-4419-b6d8-c4aeba006c3c', 'cf032a0a-9509-4ea6-b618-339cfb88b517', 20, 'Faulkner5');
INSERT INTO USER1.EDGE (EDGE_ID, NODEA, NODEB, COST, FLOOR_ID) VALUES (11, 'a2a0b8be-fb44-434a-9fc7-542049758f6b', '713ceadf-e0b1-4c73-ab30-76f582656132', 58, 'Faulkner5');
INSERT INTO USER1.EDGE (EDGE_ID, NODEA, NODEB, COST, FLOOR_ID) VALUES (12, '71bbe0bd-50af-483e-8656-f4b5e5debaac', '31e6c542-fb17-48dc-bc43-1a9332d998da', 66, 'Faulkner1');
INSERT INTO USER1.EDGE (EDGE_ID, NODEA, NODEB, COST, FLOOR_ID) VALUES (13, 'f1788227-d7f6-4abb-a046-607800f4c32e', '4198db5b-ef44-454d-821b-f4ba0c04224b', 44.91102314577124, 'Faulkner4');
INSERT INTO USER1.EDGE (EDGE_ID, NODEA, NODEB, COST, FLOOR_ID) VALUES (14, 'fe7b7f4d-9342-443d-8469-8cc7b73637ad', '98b2bcb4-602a-4cbd-883b-9d22e9de3439', 12.041594578792296, 'Faulkner4');
INSERT INTO USER1.EDGE (EDGE_ID, NODEA, NODEB, COST, FLOOR_ID) VALUES (15, '64b5220a-2940-4b34-9858-0fc56c3c516c', '46b3d0ff-65b2-4af7-8a2a-2630413587e2', 72, 'Faulkner4');
INSERT INTO USER1.EDGE (EDGE_ID, NODEA, NODEB, COST, FLOOR_ID) VALUES (16, 'cf032a0a-9509-4ea6-b618-339cfb88b517', '23bf8112-ac98-44cb-9d73-88bc287dc8a8', 23.021728866442675, 'Faulkner5');
INSERT INTO USER1.EDGE (EDGE_ID, NODEA, NODEB, COST, FLOOR_ID) VALUES (17, '9aa49182-be18-4484-a286-cd064aea824e', '7424666d-41ea-4491-a88e-e40dbc34ab74', 44, 'Faulkner6');
INSERT INTO USER1.EDGE (EDGE_ID, NODEA, NODEB, COST, FLOOR_ID) VALUES (18, '74352d38-67c9-46db-898f-05b4eb48e4a7', '4550f4d2-dbba-4832-9e43-b29ad0b0f549', 40, 'Faulkner3');
INSERT INTO USER1.EDGE (EDGE_ID, NODEA, NODEB, COST, FLOOR_ID) VALUES (19, '7015f539-00e6-4d61-b5bd-13e832b97177', 'a1ad5380-5e07-44b7-89fa-330707d14fe2', 23.194827009486403, 'Faulkner5');
INSERT INTO USER1.EDGE (EDGE_ID, NODEA, NODEB, COST, FLOOR_ID) VALUES (20, 'c3c011f7-674b-4392-9160-7671b525717d', 'c4e4f46e-bb19-4ff3-9942-198679d26b4e', 20.024984394500787, 'Faulkner3');
INSERT INTO USER1.EDGE (EDGE_ID, NODEA, NODEB, COST, FLOOR_ID) VALUES (21, '1f98b379-5b31-4bec-ac15-44b59f883dce', '105495da-49ec-4487-89ed-bb3a3d3466a2', 24, 'Faulkner4');
INSERT INTO USER1.EDGE (EDGE_ID, NODEA, NODEB, COST, FLOOR_ID) VALUES (22, 'c1f90c0f-c31c-4608-b9c5-47d9d9c6488d', 'a4be61fc-262b-482f-849a-8a6229610bf4', 37.013511046643494, 'Faulkner2');
INSERT INTO USER1.EDGE (EDGE_ID, NODEA, NODEB, COST, FLOOR_ID) VALUES (23, 'b01d6e5b-faf9-4467-910d-cc848be36f1d', '3b7731bf-b7c0-404f-a3e9-a4a0edcccdcc', 46.010868281309364, 'Faulkner2');
INSERT INTO USER1.EDGE (EDGE_ID, NODEA, NODEB, COST, FLOOR_ID) VALUES (24, '02dff28a-8901-4230-af4a-566d65f6bffa', '9aa49182-be18-4484-a286-cd064aea824e', 24.020824298928627, 'Faulkner6');
INSERT INTO USER1.EDGE (EDGE_ID, NODEA, NODEB, COST, FLOOR_ID) VALUES (25, '60eaa28b-ccea-4441-9864-f48c92f5e5da', '64b5220a-2940-4b34-9858-0fc56c3c516c', 29, 'Faulkner4');
INSERT INTO USER1.EDGE (EDGE_ID, NODEA, NODEB, COST, FLOOR_ID) VALUES (26, 'c9dac551-628f-444e-9906-0750b3fb8e8f', '3ff3d9ff-3ea4-4411-8e32-6ccac3b6c818', 33.06055050963308, 'Faulkner4');
INSERT INTO USER1.EDGE (EDGE_ID, NODEA, NODEB, COST, FLOOR_ID) VALUES (27, '5204a192-5338-4b27-a2e3-ce78d0b1fd09', '56fb9699-b6f2-4041-adaa-10862d2caa1b', 31.016124838541646, 'Faulkner3');
INSERT INTO USER1.EDGE (EDGE_ID, NODEA, NODEB, COST, FLOOR_ID) VALUES (28, '0eb956f7-1243-4500-814a-9bdd0aacf614', '6ee27058-9aef-413d-ab34-212c72d31687', 35.014282800023196, 'Faulkner1');
INSERT INTO USER1.EDGE (EDGE_ID, NODEA, NODEB, COST, FLOOR_ID) VALUES (29, 'c3c011f7-674b-4392-9160-7671b525717d', 'd6b0bb1c-12e6-417b-9c3f-353a21724740', 52.009614495783374, 'Faulkner3');
INSERT INTO USER1.EDGE (EDGE_ID, NODEA, NODEB, COST, FLOOR_ID) VALUES (30, 'ee609d32-863c-45fe-94ed-3091f4925628', 'c4e4f46e-bb19-4ff3-9942-198679d26b4e', 32.64965543462902, 'Faulkner3');
INSERT INTO USER1.EDGE (EDGE_ID, NODEA, NODEB, COST, FLOOR_ID) VALUES (31, '28ae28bc-7602-45fe-a995-920dbcdd15bd', '3833194e-632f-4a40-95fe-769877e49d04', 76.02631123499285, 'Faulkner4');
INSERT INTO USER1.EDGE (EDGE_ID, NODEA, NODEB, COST, FLOOR_ID) VALUES (32, '827452ab-4aef-4f3b-9f4b-7ceadfccb8ed', 'bedc5d89-b4c8-46c7-86a5-d0c3bfe193e9', 22.090722034374522, 'Faulkner5');
INSERT INTO USER1.EDGE (EDGE_ID, NODEA, NODEB, COST, FLOOR_ID) VALUES (33, '3833194e-632f-4a40-95fe-769877e49d04', 'b361ec56-e807-4be8-b936-fd5936dfab81', 24.020824298928627, 'Faulkner4');
INSERT INTO USER1.EDGE (EDGE_ID, NODEA, NODEB, COST, FLOOR_ID) VALUES (34, 'bedc5d89-b4c8-46c7-86a5-d0c3bfe193e9', 'f3792ead-4c2c-4857-8962-ba10a9695bbf', 24, 'Faulkner5');
INSERT INTO USER1.EDGE (EDGE_ID, NODEA, NODEB, COST, FLOOR_ID) VALUES (35, 'a7e4f7a3-2c98-469f-82e9-379cb54e9384', '62d56535-b9e4-453c-916c-4734059ca206', 74.00675644831355, 'Faulkner5');
INSERT INTO USER1.EDGE (EDGE_ID, NODEA, NODEB, COST, FLOOR_ID) VALUES (36, '0eb956f7-1243-4500-814a-9bdd0aacf614', 'e5ed68ae-b0c5-4dde-82ee-a3d9b4296b6d', 46.010868281309364, 'Faulkner1');
INSERT INTO USER1.EDGE (EDGE_ID, NODEA, NODEB, COST, FLOOR_ID) VALUES (37, '5733fea7-088e-4a8e-afaa-7fcfa4c3de43', '7cb3e00b-3991-445d-b8fc-97f989f7e988', 16, 'Faulkner4');
INSERT INTO USER1.EDGE (EDGE_ID, NODEA, NODEB, COST, FLOOR_ID) VALUES (38, 'f8b5515a-83e9-408a-acf4-5f0b66316a79', 'd50b6250-2a5e-4b43-b259-3555acabcb36', 31.016124838541646, 'Faulkner4');
INSERT INTO USER1.EDGE (EDGE_ID, NODEA, NODEB, COST, FLOOR_ID) VALUES (39, '74352d38-67c9-46db-898f-05b4eb48e4a7', '4bd07514-0b9a-4461-a704-9d9f15926b40', 80.00624975587844, 'Faulkner3');
INSERT INTO USER1.EDGE (EDGE_ID, NODEA, NODEB, COST, FLOOR_ID) VALUES (40, '6ee27058-9aef-413d-ab34-212c72d31687', 'aabf7ed7-7441-4449-958a-e7607653c2ed', 70.00714249274856, 'Faulkner1');
INSERT INTO USER1.EDGE (EDGE_ID, NODEA, NODEB, COST, FLOOR_ID) VALUES (41, '64b5220a-2940-4b34-9858-0fc56c3c516c', 'd233712b-3b17-4ec9-80bd-e388b0de5206', 46.010868281309364, 'Faulkner4');
INSERT INTO USER1.EDGE (EDGE_ID, NODEA, NODEB, COST, FLOOR_ID) VALUES (42, 'de6ee287-4789-40f0-8a38-1fa6ece13057', '98f48268-e8c0-4102-a461-4ce5dd8fe3a5', 36.013886210738214, 'Faulkner4');
INSERT INTO USER1.EDGE (EDGE_ID, NODEA, NODEB, COST, FLOOR_ID) VALUES (43, '23bf8112-ac98-44cb-9d73-88bc287dc8a8', '99a1b233-fe9e-4be9-9d1d-53c38e018b6b', 23, 'Faulkner5');
INSERT INTO USER1.EDGE (EDGE_ID, NODEA, NODEB, COST, FLOOR_ID) VALUES (44, 'a88afaad-3b44-4a3e-befc-6228423e4803', '7a66dfa0-7a23-4bd5-b436-a8b296eb808d', 52.009614495783374, 'Faulkner1');
INSERT INTO USER1.EDGE (EDGE_ID, NODEA, NODEB, COST, FLOOR_ID) VALUES (45, '41a57634-a12b-40a6-921c-8cffb048c3b9', 'b4bcbf36-e99c-4ce7-9064-2853279c082e', 46, 'Faulkner5');
INSERT INTO USER1.EDGE (EDGE_ID, NODEA, NODEB, COST, FLOOR_ID) VALUES (46, '41a57634-a12b-40a6-921c-8cffb048c3b9', 'd5b1b477-dc4c-4419-b6d8-c4aeba006c3c', 27.018512172212592, 'Faulkner5');
INSERT INTO USER1.EDGE (EDGE_ID, NODEA, NODEB, COST, FLOOR_ID) VALUES (47, 'a7e4f7a3-2c98-469f-82e9-379cb54e9384', 'f51f6717-2609-468d-a665-1683c44b0c74', 35.22782990761707, 'Faulkner5');
INSERT INTO USER1.EDGE (EDGE_ID, NODEA, NODEB, COST, FLOOR_ID) VALUES (48, 'd3a9ed12-b869-4211-ae7c-05db4cdd0cfb', 'c1d1f483-3698-4075-9411-804d51bd86eb', 49, 'Faulkner1');
INSERT INTO USER1.EDGE (EDGE_ID, NODEA, NODEB, COST, FLOOR_ID) VALUES (49, 'a88afaad-3b44-4a3e-befc-6228423e4803', 'c92371d3-d392-4922-ac12-6e54a112252a', 48.041648597857254, 'Faulkner1');
INSERT INTO USER1.EDGE (EDGE_ID, NODEA, NODEB, COST, FLOOR_ID) VALUES (50, '3b7731bf-b7c0-404f-a3e9-a4a0edcccdcc', 'c1f90c0f-c31c-4608-b9c5-47d9d9c6488d', 35.014282800023196, 'Faulkner2');
INSERT INTO USER1.EDGE (EDGE_ID, NODEA, NODEB, COST, FLOOR_ID) VALUES (51, 'fe8b495c-57ae-4e88-90a5-fc2816567838', '46b3d0ff-65b2-4af7-8a2a-2630413587e2', 29.017236257093817, 'Faulkner4');
INSERT INTO USER1.EDGE (EDGE_ID, NODEA, NODEB, COST, FLOOR_ID) VALUES (52, '98b2bcb4-602a-4cbd-883b-9d22e9de3439', 'f1788227-d7f6-4abb-a046-607800f4c32e', 22.20360331117452, 'Faulkner4');
INSERT INTO USER1.EDGE (EDGE_ID, NODEA, NODEB, COST, FLOOR_ID) VALUES (53, 'b832b9b8-5c5a-4f24-ba4b-91697ef957d8', 'fc00e2b4-622a-4df7-8254-c34e5b17c62f', 44.384682042344295, 'Faulkner5');
INSERT INTO USER1.EDGE (EDGE_ID, NODEA, NODEB, COST, FLOOR_ID) VALUES (54, 'b9b3646d-3ada-4966-a1c6-f4acbea820af', '230ed984-adac-41b6-ac74-72069e922b24', 57, 'Faulkner5');
INSERT INTO USER1.EDGE (EDGE_ID, NODEA, NODEB, COST, FLOOR_ID) VALUES (55, '4de83b1f-2691-41cc-a420-228e0a228f16', '834fd410-92f5-4403-bb81-06c3cdab094f', 35, 'Faulkner5');
INSERT INTO USER1.EDGE (EDGE_ID, NODEA, NODEB, COST, FLOOR_ID) VALUES (56, 'bedc5d89-b4c8-46c7-86a5-d0c3bfe193e9', '52452166-51a6-425b-bdc2-ced8fe517f95', 24.020824298928627, 'Faulkner5');
INSERT INTO USER1.EDGE (EDGE_ID, NODEA, NODEB, COST, FLOOR_ID) VALUES (57, 'fc00e2b4-622a-4df7-8254-c34e5b17c62f', 'e0a9e293-7d37-4d77-a066-78644c4c6e29', 34.0147027033899, 'Faulkner5');
INSERT INTO USER1.EDGE (EDGE_ID, NODEA, NODEB, COST, FLOOR_ID) VALUES (58, 'fc00e2b4-622a-4df7-8254-c34e5b17c62f', '066e34a5-bc9f-413f-8519-f5608a05bcd5', 48.104053883222775, 'Faulkner5');
INSERT INTO USER1.EDGE (EDGE_ID, NODEA, NODEB, COST, FLOOR_ID) VALUES (59, '852afa7b-5ba9-4d29-a404-87f9fddfcec6', '6af6e431-bedb-46aa-aab2-667eda5b687f', 0, 'Faulkner6');
INSERT INTO USER1.EDGE (EDGE_ID, NODEA, NODEB, COST, FLOOR_ID) VALUES (60, '6940d2f4-155a-4595-a0cc-e7d15520bc71', '5733fea7-088e-4a8e-afaa-7fcfa4c3de43', 43, 'Faulkner4');
INSERT INTO USER1.EDGE (EDGE_ID, NODEA, NODEB, COST, FLOOR_ID) VALUES (61, 'e5610b13-5ff0-4a7d-9670-3049553dc738', 'd254c4b2-79c6-4f93-aa4b-1293da5d571f', 30.610455730027933, 'Faulkner3');
INSERT INTO USER1.EDGE (EDGE_ID, NODEA, NODEB, COST, FLOOR_ID) VALUES (62, '230ed984-adac-41b6-ac74-72069e922b24', '7015f539-00e6-4d61-b5bd-13e832b97177', 39, 'Faulkner5');
INSERT INTO USER1.EDGE (EDGE_ID, NODEA, NODEB, COST, FLOOR_ID) VALUES (63, '9e8be267-4215-496e-a2a3-7660b4efaebf', 'bfeb7734-10dd-4950-9dc7-5af972539340', 21.02379604162864, 'Faulkner7');
INSERT INTO USER1.EDGE (EDGE_ID, NODEA, NODEB, COST, FLOOR_ID) VALUES (64, '5733fea7-088e-4a8e-afaa-7fcfa4c3de43', 'eabc4a1c-acab-4249-b31a-c4c2c7bdaa90', 35.014282800023196, 'Faulkner4');
INSERT INTO USER1.EDGE (EDGE_ID, NODEA, NODEB, COST, FLOOR_ID) VALUES (65, '2ade2768-a9a4-4763-91ca-3c6e44c73686', '9aa49182-be18-4484-a286-cd064aea824e', 60.00833275470999, 'Faulkner6');
INSERT INTO USER1.EDGE (EDGE_ID, NODEA, NODEB, COST, FLOOR_ID) VALUES (66, '442b8d2e-3110-4fdf-a1b5-692963655cf3', '4bd07514-0b9a-4461-a704-9d9f15926b40', 48, 'Faulkner3');
INSERT INTO USER1.EDGE (EDGE_ID, NODEA, NODEB, COST, FLOOR_ID) VALUES (67, '81365d0f-7786-479f-a81b-1c1b52772c62', 'f8b5515a-83e9-408a-acf4-5f0b66316a79', 84.02380615040002, 'Faulkner4');
INSERT INTO USER1.EDGE (EDGE_ID, NODEA, NODEB, COST, FLOOR_ID) VALUES (68, 'f88595e7-0659-4558-bfa6-f785f6b04e4b', '7a66dfa0-7a23-4bd5-b436-a8b296eb808d', 55, 'Faulkner1');
INSERT INTO USER1.EDGE (EDGE_ID, NODEA, NODEB, COST, FLOOR_ID) VALUES (69, '6af6e431-bedb-46aa-aab2-667eda5b687f', 'd233712b-3b17-4ec9-80bd-e388b0de5206', 0, 'Faulkner6');
INSERT INTO USER1.EDGE (EDGE_ID, NODEA, NODEB, COST, FLOOR_ID) VALUES (70, '2cece76d-43a0-40a0-9b10-29200479dba2', 'da146830-0a49-4399-bc70-2c33d6dff092', 58.034472514187634, 'Faulkner4');
INSERT INTO USER1.EDGE (EDGE_ID, NODEA, NODEB, COST, FLOOR_ID) VALUES (71, 'a7e4f7a3-2c98-469f-82e9-379cb54e9384', 'b1ebf8bc-f007-4d6b-9136-b24b63de2c10', 35.014282800023196, 'Faulkner5');
INSERT INTO USER1.EDGE (EDGE_ID, NODEA, NODEB, COST, FLOOR_ID) VALUES (72, '8af73c3d-7516-442a-92c8-1de35906949f', '689ca698-426b-45e8-a766-b7a3ba29d103', 171.00292395160966, 'Faulkner2');
INSERT INTO USER1.EDGE (EDGE_ID, NODEA, NODEB, COST, FLOOR_ID) VALUES (73, '9d3f99a1-5425-4399-a143-4efedb35ffcd', 'cc3c0c74-f2b1-4a35-a609-765aba32bc0f', 156.00320509528, 'Faulkner5');
INSERT INTO USER1.EDGE (EDGE_ID, NODEA, NODEB, COST, FLOOR_ID) VALUES (74, '71bbe0bd-50af-483e-8656-f4b5e5debaac', '990a8650-9bf4-4150-a336-28964b29d66e', 125, 'Faulkner1');
INSERT INTO USER1.EDGE (EDGE_ID, NODEA, NODEB, COST, FLOOR_ID) VALUES (75, '4de83b1f-2691-41cc-a420-228e0a228f16', '41a57634-a12b-40a6-921c-8cffb048c3b9', 23.021728866442675, 'Faulkner5');
INSERT INTO USER1.EDGE (EDGE_ID, NODEA, NODEB, COST, FLOOR_ID) VALUES (76, '7015f539-00e6-4d61-b5bd-13e832b97177', 'fc00e2b4-622a-4df7-8254-c34e5b17c62f', 23.345235059857504, 'Faulkner5');
INSERT INTO USER1.EDGE (EDGE_ID, NODEA, NODEB, COST, FLOOR_ID) VALUES (77, '8f77223e-0375-4e79-ac26-f696e6681125', '93eb8895-45f2-46f0-a412-af62ff09cb74', 30.01666203960727, 'Faulkner3');
INSERT INTO USER1.EDGE (EDGE_ID, NODEA, NODEB, COST, FLOOR_ID) VALUES (78, '81365d0f-7786-479f-a81b-1c1b52772c62', 'c650a4ed-c804-4b0e-ba01-e387f03816b3', 30, 'Faulkner4');
INSERT INTO USER1.EDGE (EDGE_ID, NODEA, NODEB, COST, FLOOR_ID) VALUES (79, '4bd07514-0b9a-4461-a704-9d9f15926b40', 'a44edfb2-8b24-40f7-a7b2-eaab9d229f08', 89.02246907382428, 'Faulkner3');
INSERT INTO USER1.EDGE (EDGE_ID, NODEA, NODEB, COST, FLOOR_ID) VALUES (80, 'd55a5a75-92ab-4eb9-8778-9a6cf6c35961', '5204a192-5338-4b27-a2e3-ce78d0b1fd09', 33.13608305156178, 'Faulkner3');
INSERT INTO USER1.EDGE (EDGE_ID, NODEA, NODEB, COST, FLOOR_ID) VALUES (81, '02dff28a-8901-4230-af4a-566d65f6bffa', '6af6e431-bedb-46aa-aab2-667eda5b687f', 22.02271554554524, 'Faulkner6');
INSERT INTO USER1.EDGE (EDGE_ID, NODEA, NODEB, COST, FLOOR_ID) VALUES (82, 'f88595e7-0659-4558-bfa6-f785f6b04e4b', '27c31b7e-21ce-43e1-b767-0a66b06d5f73', 18, 'Faulkner1');
INSERT INTO USER1.EDGE (EDGE_ID, NODEA, NODEB, COST, FLOOR_ID) VALUES (83, '9c50359a-c8f7-4cd6-a0fc-e246d86e8113', '15e61427-8d32-47c4-b461-677cda14e835', 72.00694410957877, 'Faulkner2');
INSERT INTO USER1.EDGE (EDGE_ID, NODEA, NODEB, COST, FLOOR_ID) VALUES (84, 'c92371d3-d392-4922-ac12-6e54a112252a', '22a0d570-f82b-40ee-ae5a-5847a140b058', 24, 'Faulkner1');
INSERT INTO USER1.EDGE (EDGE_ID, NODEA, NODEB, COST, FLOOR_ID) VALUES (85, 'c1d1f483-3698-4075-9411-804d51bd86eb', '0eb956f7-1243-4500-814a-9bdd0aacf614', 27, 'Faulkner1');
INSERT INTO USER1.EDGE (EDGE_ID, NODEA, NODEB, COST, FLOOR_ID) VALUES (86, '56fb9699-b6f2-4041-adaa-10862d2caa1b', 'e5610b13-5ff0-4a7d-9670-3049553dc738', 18.35755975068582, 'Faulkner3');
INSERT INTO USER1.EDGE (EDGE_ID, NODEA, NODEB, COST, FLOOR_ID) VALUES (87, 'af1219de-94f2-428b-86e3-8b0f22a86b7e', '28ae28bc-7602-45fe-a995-920dbcdd15bd', 34.0147027033899, 'Faulkner4');
INSERT INTO USER1.EDGE (EDGE_ID, NODEA, NODEB, COST, FLOOR_ID) VALUES (88, '74352d38-67c9-46db-898f-05b4eb48e4a7', 'f6b8d879-0ee3-4eac-a8a2-b6d1f5bdc4ed', 64.00781202322104, 'Faulkner3');
INSERT INTO USER1.EDGE (EDGE_ID, NODEA, NODEB, COST, FLOOR_ID) VALUES (89, 'cb43ca03-f924-4f61-91c3-a173c3070ffe', 'd55a5a75-92ab-4eb9-8778-9a6cf6c35961', 15.652475842498529, 'Faulkner3');
INSERT INTO USER1.EDGE (EDGE_ID, NODEA, NODEB, COST, FLOOR_ID) VALUES (90, '02dff28a-8901-4230-af4a-566d65f6bffa', '1fe42785-8cb5-4c6c-9bd4-227005ef0836', 22.02271554554524, 'Faulkner6');
INSERT INTO USER1.EDGE (EDGE_ID, NODEA, NODEB, COST, FLOOR_ID) VALUES (91, 'a44edfb2-8b24-40f7-a7b2-eaab9d229f08', 'ee609d32-863c-45fe-94ed-3091f4925628', 114, 'Faulkner3');
INSERT INTO USER1.EDGE (EDGE_ID, NODEA, NODEB, COST, FLOOR_ID) VALUES (92, 'a4be61fc-262b-482f-849a-8a6229610bf4', 'da7fe836-2eaa-44c1-9e10-6793f657c505', 16, 'Faulkner2');
INSERT INTO USER1.EDGE (EDGE_ID, NODEA, NODEB, COST, FLOOR_ID) VALUES (93, '1f98b379-5b31-4bec-ac15-44b59f883dce', '98b2bcb4-602a-4cbd-883b-9d22e9de3439', 18.027756377319946, 'Faulkner4');
INSERT INTO USER1.EDGE (EDGE_ID, NODEA, NODEB, COST, FLOOR_ID) VALUES (94, '7424666d-41ea-4491-a88e-e40dbc34ab74', 'f58e9428-86c0-4fb6-ab6e-09e92a76c917', 59, 'Faulkner6');
INSERT INTO USER1.EDGE (EDGE_ID, NODEA, NODEB, COST, FLOOR_ID) VALUES (95, 'b9b3646d-3ada-4966-a1c6-f4acbea820af', '6432d17f-7171-4fe6-a66d-bbc5dd58be97', 36.013886210738214, 'Faulkner5');
INSERT INTO USER1.EDGE (EDGE_ID, NODEA, NODEB, COST, FLOOR_ID) VALUES (96, '990a8650-9bf4-4150-a336-28964b29d66e', 'a88afaad-3b44-4a3e-befc-6228423e4803', 17.11724276862369, 'Faulkner1');
INSERT INTO USER1.EDGE (EDGE_ID, NODEA, NODEB, COST, FLOOR_ID) VALUES (97, '603bde3d-a6ea-4b59-ac9e-d1b755e15140', '530304ec-8292-4f71-8982-f9852befac07', 34.0147027033899, 'Faulkner3');
INSERT INTO USER1.EDGE (EDGE_ID, NODEA, NODEB, COST, FLOOR_ID) VALUES (98, '6940d2f4-155a-4595-a0cc-e7d15520bc71', '739d768c-c77b-433c-a412-f061d47984ad', 35.014282800023196, 'Faulkner4');
INSERT INTO USER1.EDGE (EDGE_ID, NODEA, NODEB, COST, FLOOR_ID) VALUES (99, 'ee609d32-863c-45fe-94ed-3091f4925628', 'c3c011f7-674b-4392-9160-7671b525717d', 26.019223662515376, 'Faulkner3');
INSERT INTO USER1.EDGE (EDGE_ID, NODEA, NODEB, COST, FLOOR_ID) VALUES (100, 'cc3c0c74-f2b1-4a35-a609-765aba32bc0f', '7d61f304-a4dd-4deb-9b13-0967af9c9557', 138.00362314084367, 'Faulkner5');
INSERT INTO USER1.EDGE (EDGE_ID, NODEA, NODEB, COST, FLOOR_ID) VALUES (101, '56fb9699-b6f2-4041-adaa-10862d2caa1b', '9321253f-36a7-44c3-a5f1-e3834ebf626d', 31.04834939252005, 'Faulkner3');
INSERT INTO USER1.EDGE (EDGE_ID, NODEA, NODEB, COST, FLOOR_ID) VALUES (102, '8af73c3d-7516-442a-92c8-1de35906949f', '44ac7b6a-feef-4002-9bef-03f483dc3f9b', 34.0147027033899, 'Faulkner2');
INSERT INTO USER1.EDGE (EDGE_ID, NODEA, NODEB, COST, FLOOR_ID) VALUES (103, '7d61f304-a4dd-4deb-9b13-0967af9c9557', '4de83b1f-2691-41cc-a420-228e0a228f16', 25.019992006393608, 'Faulkner5');
INSERT INTO USER1.EDGE (EDGE_ID, NODEA, NODEB, COST, FLOOR_ID) VALUES (104, 'ad687360-4f33-4dd9-8048-b87f8910281e', 'dac7896a-f39e-442b-9c5c-a99aa671b0ba', 117, 'Faulkner1');
INSERT INTO USER1.EDGE (EDGE_ID, NODEA, NODEB, COST, FLOOR_ID) VALUES (105, 'da146830-0a49-4399-bc70-2c33d6dff092', '46b3d0ff-65b2-4af7-8a2a-2630413587e2', 107.00467279516349, 'Faulkner4');
INSERT INTO USER1.EDGE (EDGE_ID, NODEA, NODEB, COST, FLOOR_ID) VALUES (106, '4d3b5d98-acdc-41ef-8620-6baaa0dc2eb4', '813a7ede-1b6e-44d5-8729-ca76645b2d5c', 32, 'Faulkner3');
INSERT INTO USER1.EDGE (EDGE_ID, NODEA, NODEB, COST, FLOOR_ID) VALUES (107, 'cc3c0c74-f2b1-4a35-a609-765aba32bc0f', 'c4b0f5a9-0d75-4375-92ac-8c9aed724b68', 31.016124838541646, 'Faulkner5');
INSERT INTO USER1.EDGE (EDGE_ID, NODEA, NODEB, COST, FLOOR_ID) VALUES (108, 'c4e4f46e-bb19-4ff3-9942-198679d26b4e', 'bfa9e9ed-38d2-4eac-ba31-528d6f254c36', 86.00581375697809, 'Faulkner3');
INSERT INTO USER1.EDGE (EDGE_ID, NODEA, NODEB, COST, FLOOR_ID) VALUES (109, '62d56535-b9e4-453c-916c-4734059ca206', '81d74e72-7caa-4e7c-8f2d-24dabc3ea331', 35.05709628591621, 'Faulkner5');
INSERT INTO USER1.EDGE (EDGE_ID, NODEA, NODEB, COST, FLOOR_ID) VALUES (110, '62d56535-b9e4-453c-916c-4734059ca206', '475e4cf4-9bcc-40cc-992a-7bd495acd00d', 36.013886210738214, 'Faulkner5');
INSERT INTO USER1.EDGE (EDGE_ID, NODEA, NODEB, COST, FLOOR_ID) VALUES (111, 'de6ee287-4789-40f0-8a38-1fa6ece13057', '7ed502f8-5781-4332-b089-e74ca138d677', 63, 'Faulkner4');
INSERT INTO USER1.EDGE (EDGE_ID, NODEA, NODEB, COST, FLOOR_ID) VALUES (112, 'ed86642c-1a1c-4557-95c5-112f22ab1b64', '417002d4-aab1-4cfe-b326-da4b184c973a', 34.0147027033899, 'Faulkner5');
INSERT INTO USER1.EDGE (EDGE_ID, NODEA, NODEB, COST, FLOOR_ID) VALUES (113, 'f3792ead-4c2c-4857-8962-ba10a9695bbf', '852afa7b-5ba9-4d29-a404-87f9fddfcec6', 0, 'Faulkner5');
INSERT INTO USER1.EDGE (EDGE_ID, NODEA, NODEB, COST, FLOOR_ID) VALUES (114, '30aacb3b-2447-40a1-92dd-fe8bfc1957a3', '55d658d1-0a86-4977-ba10-9453000cb2ac', 48.041648597857254, 'Faulkner1');
INSERT INTO USER1.EDGE (EDGE_ID, NODEA, NODEB, COST, FLOOR_ID) VALUES (115, '31e6c542-fb17-48dc-bc43-1a9332d998da', 'ad687360-4f33-4dd9-8048-b87f8910281e', 26, 'Faulkner1');
INSERT INTO USER1.EDGE (EDGE_ID, NODEA, NODEB, COST, FLOOR_ID) VALUES (116, '9e8be267-4215-496e-a2a3-7660b4efaebf', '8fe24766-b87d-495f-8829-9a8321fd0bf6', 26.1725046566048, 'Faulkner7');
INSERT INTO USER1.EDGE (EDGE_ID, NODEA, NODEB, COST, FLOOR_ID) VALUES (117, '23bf8112-ac98-44cb-9d73-88bc287dc8a8', '827452ab-4aef-4f3b-9f4b-7ceadfccb8ed', 25.019992006393608, 'Faulkner5');
INSERT INTO USER1.EDGE (EDGE_ID, NODEA, NODEB, COST, FLOOR_ID) VALUES (118, 'dac7896a-f39e-442b-9c5c-a99aa671b0ba', 'd61b087d-d9f5-44af-ac8f-2c33364ec322', 34.058772731852805, 'Faulkner1');
INSERT INTO USER1.EDGE (EDGE_ID, NODEA, NODEB, COST, FLOOR_ID) VALUES (119, '713ceadf-e0b1-4c73-ab30-76f582656132', 'b832b9b8-5c5a-4f24-ba4b-91697ef957d8', 14.212670403551895, 'Faulkner5');
INSERT INTO USER1.EDGE (EDGE_ID, NODEA, NODEB, COST, FLOOR_ID) VALUES (120, 'b9b3646d-3ada-4966-a1c6-f4acbea820af', '5d0deb83-4c86-4f0b-9f7d-138dd7ee00e0', 34, 'Faulkner5');
INSERT INTO USER1.EDGE (EDGE_ID, NODEA, NODEB, COST, FLOOR_ID) VALUES (121, '93eb8895-45f2-46f0-a412-af62ff09cb74', 'cb43ca03-f924-4f61-91c3-a173c3070ffe', 10.04987562112089, 'Faulkner3');
INSERT INTO USER1.EDGE (EDGE_ID, NODEA, NODEB, COST, FLOOR_ID) VALUES (122, 'c92371d3-d392-4922-ac12-6e54a112252a', 'd3a9ed12-b869-4211-ae7c-05db4cdd0cfb', 18, 'Faulkner1');
INSERT INTO USER1.EDGE (EDGE_ID, NODEA, NODEB, COST, FLOOR_ID) VALUES (123, 'd3a9ed12-b869-4211-ae7c-05db4cdd0cfb', 'b418ca45-d9c0-4d9f-a709-f4da0f346c3e', 35, 'Faulkner1');
INSERT INTO USER1.EDGE (EDGE_ID, NODEA, NODEB, COST, FLOOR_ID) VALUES (124, 'bedc5d89-b4c8-46c7-86a5-d0c3bfe193e9', '7d61f304-a4dd-4deb-9b13-0967af9c9557', 25.019992006393608, 'Faulkner5');
INSERT INTO USER1.EDGE (EDGE_ID, NODEA, NODEB, COST, FLOOR_ID) VALUES (125, '55d658d1-0a86-4977-ba10-9453000cb2ac', '71bbe0bd-50af-483e-8656-f4b5e5debaac', 149, 'Faulkner1');
INSERT INTO USER1.EDGE (EDGE_ID, NODEA, NODEB, COST, FLOOR_ID) VALUES (126, 'a4be61fc-262b-482f-849a-8a6229610bf4', '010487c8-782f-4d7a-848a-1e4d4c7b09fb', 62.20128616033595, 'Faulkner2');
INSERT INTO USER1.EDGE (EDGE_ID, NODEA, NODEB, COST, FLOOR_ID) VALUES (127, 'da146830-0a49-4399-bc70-2c33d6dff092', '2824aadd-f8ca-4be9-a87b-f13a796164c4', 34, 'Faulkner4');
INSERT INTO USER1.EDGE (EDGE_ID, NODEA, NODEB, COST, FLOOR_ID) VALUES (128, '066e34a5-bc9f-413f-8519-f5608a05bcd5', 'e649ba0d-850d-465b-a99c-49eb2aff0f1a', 39.45883931389772, 'Faulkner5');
INSERT INTO USER1.EDGE (EDGE_ID, NODEA, NODEB, COST, FLOOR_ID) VALUES (129, '7015f539-00e6-4d61-b5bd-13e832b97177', 'e730b495-72f9-4cd2-a4ba-cfedbeaf9e2d', 25.179356624028344, 'Faulkner5');
INSERT INTO USER1.EDGE (EDGE_ID, NODEA, NODEB, COST, FLOOR_ID) VALUES (130, 'c9dac551-628f-444e-9906-0750b3fb8e8f', 'de6ee287-4789-40f0-8a38-1fa6ece13057', 34.0147027033899, 'Faulkner4');
INSERT INTO USER1.EDGE (EDGE_ID, NODEA, NODEB, COST, FLOOR_ID) VALUES (131, 'a2a0b8be-fb44-434a-9fc7-542049758f6b', '58706550-50bd-4977-954a-92b80a87ec7f', 33.015148038438355, 'Faulkner5');
INSERT INTO USER1.EDGE (EDGE_ID, NODEA, NODEB, COST, FLOOR_ID) VALUES (132, '852afa7b-5ba9-4d29-a404-87f9fddfcec6', '9c50359a-c8f7-4cd6-a0fc-e246d86e8113', 22.360679774997898, 'Faulkner2');
INSERT INTO USER1.EDGE (EDGE_ID, NODEA, NODEB, COST, FLOOR_ID) VALUES (133, 'c9dac551-628f-444e-9906-0750b3fb8e8f', '2cece76d-43a0-40a0-9b10-29200479dba2', 15, 'Faulkner4');
INSERT INTO USER1.EDGE (EDGE_ID, NODEA, NODEB, COST, FLOOR_ID) VALUES (134, '7cd5f276-9770-4208-a1c7-d2eb20778b4d', '0663ce66-f515-4c39-939e-f61a877ca875', 28.0178514522438, 'Faulkner4');
INSERT INTO USER1.EDGE (EDGE_ID, NODEA, NODEB, COST, FLOOR_ID) VALUES (135, 'f1788227-d7f6-4abb-a046-607800f4c32e', '7cb3e00b-3991-445d-b8fc-97f989f7e988', 29.732137494637012, 'Faulkner4');
INSERT INTO USER1.EDGE (EDGE_ID, NODEA, NODEB, COST, FLOOR_ID) VALUES (136, 'c1f90c0f-c31c-4608-b9c5-47d9d9c6488d', '450df567-44a1-4057-8259-e51d1356564c', 30.066592756745816, 'Faulkner2');
INSERT INTO USER1.EDGE (EDGE_ID, NODEA, NODEB, COST, FLOOR_ID) VALUES (137, '60eaa28b-ccea-4441-9864-f48c92f5e5da', '7cd5f276-9770-4208-a1c7-d2eb20778b4d', 137.01459776242822, 'Faulkner4');
INSERT INTO USER1.EDGE (EDGE_ID, NODEA, NODEB, COST, FLOOR_ID) VALUES (138, 'a44edfb2-8b24-40f7-a7b2-eaab9d229f08', '3975dda0-e915-4209-af58-b5434f83d37e', 30.01666203960727, 'Faulkner3');
INSERT INTO USER1.EDGE (EDGE_ID, NODEA, NODEB, COST, FLOOR_ID) VALUES (139, 'b4ff8184-dd87-4756-b6c0-f90e8bb5bf55', '30fc414a-cb2d-4221-9c20-f61626be5fa1', 43, 'Faulkner7');
INSERT INTO USER1.EDGE (EDGE_ID, NODEA, NODEB, COST, FLOOR_ID) VALUES (140, '3833194e-632f-4a40-95fe-769877e49d04', '81365d0f-7786-479f-a81b-1c1b52772c62', 138.00362314084367, 'Faulkner4');
INSERT INTO USER1.EDGE (EDGE_ID, NODEA, NODEB, COST, FLOOR_ID) VALUES (141, '4fae4afb-08e6-4bbe-be4a-1de551c0144e', '43e97be2-02ac-4e96-a8a7-7cce131ff149', 26, 'Faulkner1');
INSERT INTO USER1.EDGE (EDGE_ID, NODEA, NODEB, COST, FLOOR_ID) VALUES (142, '990a8650-9bf4-4150-a336-28964b29d66e', 'd4165fc8-4bfb-4b87-92bd-f0edb3603764', 21.540659228538015, 'Faulkner1');
INSERT INTO USER1.EDGE (EDGE_ID, NODEA, NODEB, COST, FLOOR_ID) VALUES (143, 'b832b9b8-5c5a-4f24-ba4b-91697ef957d8', '522a7226-e836-4172-8732-d77eb5a84bc0', 36.235341863986875, 'Faulkner5');
INSERT INTO USER1.EDGE (EDGE_ID, NODEA, NODEB, COST, FLOOR_ID) VALUES (144, '62d56535-b9e4-453c-916c-4734059ca206', 'b9b3646d-3ada-4966-a1c6-f4acbea820af', 38.01315561749642, 'Faulkner5');
INSERT INTO USER1.EDGE (EDGE_ID, NODEA, NODEB, COST, FLOOR_ID) VALUES (145, '813a7ede-1b6e-44d5-8729-ca76645b2d5c', '5204a192-5338-4b27-a2e3-ce78d0b1fd09', 58, 'Faulkner3');
INSERT INTO USER1.EDGE (EDGE_ID, NODEA, NODEB, COST, FLOOR_ID) VALUES (146, '30aacb3b-2447-40a1-92dd-fe8bfc1957a3', '442b8d2e-3110-4fdf-a1b5-692963655cf3', 0, 'Faulkner3');
INSERT INTO USER1.EDGE (EDGE_ID, NODEA, NODEB, COST, FLOOR_ID) VALUES (147, '8fe24766-b87d-495f-8829-9a8321fd0bf6', '30aacb3b-2447-40a1-92dd-fe8bfc1957a3', 0, 'Faulkner1');
INSERT INTO USER1.EDGE (EDGE_ID, NODEA, NODEB, COST, FLOOR_ID) VALUES (148, 'ad687360-4f33-4dd9-8048-b87f8910281e', '82ab6858-17ef-4b3d-82f3-b7b407c6b6ab', 35.014282800023196, 'Faulkner1');
INSERT INTO USER1.EDGE (EDGE_ID, NODEA, NODEB, COST, FLOOR_ID) VALUES (149, '99a1b233-fe9e-4be9-9d1d-53c38e018b6b', '4592eff5-5a41-4d05-9c5f-5a7f6849661b', 33, 'Faulkner5');
INSERT INTO USER1.EDGE (EDGE_ID, NODEA, NODEB, COST, FLOOR_ID) VALUES (150, 'b4ff8184-dd87-4756-b6c0-f90e8bb5bf55', '8ed34789-0e0e-43ce-babb-a907268d70e0', 63.00793600809346, 'Faulkner7');
INSERT INTO USER1.EDGE (EDGE_ID, NODEA, NODEB, COST, FLOOR_ID) VALUES (151, 'f9b2320c-6f2a-4e2b-9a5a-5865da87bc2c', '74352d38-67c9-46db-898f-05b4eb48e4a7', 79.02531240052139, 'Faulkner3');
INSERT INTO USER1.EDGE (EDGE_ID, NODEA, NODEB, COST, FLOOR_ID) VALUES (152, 'fec37d15-c0e5-45ff-9162-5bd60f518d18', '27c31b7e-21ce-43e1-b767-0a66b06d5f73', 100.0199980003999, 'Faulkner1');
INSERT INTO USER1.EDGE (EDGE_ID, NODEA, NODEB, COST, FLOOR_ID) VALUES (153, '30fc414a-cb2d-4221-9c20-f61626be5fa1', '3ebc9260-cde9-4be9-9051-07ae8e0c3cc5', 57.0087712549569, 'Faulkner7');
INSERT INTO USER1.EDGE (EDGE_ID, NODEA, NODEB, COST, FLOOR_ID) VALUES (154, 'e2a6acf7-dd97-49c0-a136-705c53e322c7', '377a7749-11d7-40a2-9841-d53d1df57130', 22.02271554554524, 'Belkin1');
INSERT INTO USER1.EDGE (EDGE_ID, NODEA, NODEB, COST, FLOOR_ID) VALUES (155, 'fe7b7f4d-9342-443d-8469-8cc7b73637ad', 'ead8a4b7-146f-489b-b858-27ff5a97a352', 44.9221548904324, 'Faulkner4');
INSERT INTO USER1.EDGE (EDGE_ID, NODEA, NODEB, COST, FLOOR_ID) VALUES (156, 'bfa9e9ed-38d2-4eac-ba31-528d6f254c36', '4d3b5d98-acdc-41ef-8620-6baaa0dc2eb4', 21.02379604162864, 'Faulkner3');
INSERT INTO USER1.EDGE (EDGE_ID, NODEA, NODEB, COST, FLOOR_ID) VALUES (157, '2cece76d-43a0-40a0-9b10-29200479dba2', 'cc91e8c9-6972-40bc-a3a1-189d30fd9c9c', 33.06055050963308, 'Faulkner4');
INSERT INTO USER1.EDGE (EDGE_ID, NODEA, NODEB, COST, FLOOR_ID) VALUES (158, '71bbe0bd-50af-483e-8656-f4b5e5debaac', '4fae4afb-08e6-4bbe-be4a-1de551c0144e', 123.00406497347964, 'Faulkner1');
INSERT INTO USER1.EDGE (EDGE_ID, NODEA, NODEB, COST, FLOOR_ID) VALUES (159, 'a88afaad-3b44-4a3e-befc-6228423e4803', 'dac7896a-f39e-442b-9c5c-a99aa671b0ba', 68.00735254367721, 'Faulkner1');
INSERT INTO USER1.EDGE (EDGE_ID, NODEA, NODEB, COST, FLOOR_ID) VALUES (160, 'da7fe836-2eaa-44c1-9e10-6793f657c505', '13b415b5-5b00-4d63-8c3d-38c265ff331f', 67.11929677819934, 'Faulkner2');
INSERT INTO USER1.EDGE (EDGE_ID, NODEA, NODEB, COST, FLOOR_ID) VALUES (161, 'f8b5515a-83e9-408a-acf4-5f0b66316a79', '60eaa28b-ccea-4441-9864-f48c92f5e5da', 72, 'Faulkner4');
INSERT INTO USER1.EDGE (EDGE_ID, NODEA, NODEB, COST, FLOOR_ID) VALUES (162, 'd233712b-3b17-4ec9-80bd-e388b0de5206', '8fe24766-b87d-495f-8829-9a8321fd0bf6', 0, 'Faulkner4');
INSERT INTO USER1.EDGE (EDGE_ID, NODEA, NODEB, COST, FLOOR_ID) VALUES (163, '85a84357-1827-42b4-89a7-44bdea95d9e8', 'b01d6e5b-faf9-4467-910d-cc848be36f1d', 15, 'Faulkner2');

INSERT INTO USER1.DESTINATION (DEST_ID, NAME, NODE_ID, FLOOR_ID) VALUES ('e0fadbcb-eff9-4ed2-b0ee-19b92a769e35', '6 North', '2ade2768-a9a4-4763-91ca-3c6e44c73686', 'Faulkner6');
INSERT INTO USER1.DESTINATION (DEST_ID, NAME, NODE_ID, FLOOR_ID) VALUES ('2010ef1e-1c5d-460f-8557-8e0a0ff7f546', 'Restroom', '1fe42785-8cb5-4c6c-9bd4-227005ef0836', 'Faulkner6');
INSERT INTO USER1.DESTINATION (DEST_ID, NAME, NODE_ID, FLOOR_ID) VALUES ('62934669-a245-4db8-8971-1bad90a65977', '6 South', 'f58e9428-86c0-4fb6-ab6e-09e92a76c917', 'Faulkner6');
INSERT INTO USER1.DESTINATION (DEST_ID, NAME, NODE_ID, FLOOR_ID) VALUES ('dd4c5776-8bbf-4f2f-9509-bb8fec636849', '4H', 'cc91e8c9-6972-40bc-a3a1-189d30fd9c9c', 'Faulkner4');
INSERT INTO USER1.DESTINATION (DEST_ID, NAME, NODE_ID, FLOOR_ID) VALUES ('e6fde42e-3a37-4e3a-8ca4-644e0139df6c', 'Tynan Conference Room', 'af1219de-94f2-428b-86e3-8b0f22a86b7e', 'Faulkner4');
INSERT INTO USER1.DESTINATION (DEST_ID, NAME, NODE_ID, FLOOR_ID) VALUES ('d2ff8f17-9e83-46ee-87f2-705a31740cac', '4J', 'fe8b495c-57ae-4e88-90a5-fc2816567838', 'Faulkner4');
INSERT INTO USER1.DESTINATION (DEST_ID, NAME, NODE_ID, FLOOR_ID) VALUES ('346de5a6-fe12-46c5-a1ee-a7f324df5172', 'Doherty Conference Room', 'd50b6250-2a5e-4b43-b259-3555acabcb36', 'Faulkner4');
INSERT INTO USER1.DESTINATION (DEST_ID, NAME, NODE_ID, FLOOR_ID) VALUES ('bf6c4f89-432a-4b35-891c-d451f7051d1e', '4S', '0663ce66-f515-4c39-939e-f61a877ca875', 'Faulkner4');
INSERT INTO USER1.DESTINATION (DEST_ID, NAME, NODE_ID, FLOOR_ID) VALUES ('1670f62c-0b5e-4392-a0c9-11f106077516', '4B', '4198db5b-ef44-454d-821b-f4ba0c04224b', 'Faulkner4');
INSERT INTO USER1.DESTINATION (DEST_ID, NAME, NODE_ID, FLOOR_ID) VALUES ('ac2edfa6-0f84-49a6-8079-09221bb83f32', 'Bathroom', '105495da-49ec-4487-89ed-bb3a3d3466a2', 'Faulkner4');
INSERT INTO USER1.DESTINATION (DEST_ID, NAME, NODE_ID, FLOOR_ID) VALUES ('50f4ca20-7d04-4e52-abb8-a5bd260d3147', '4N', 'b361ec56-e807-4be8-b936-fd5936dfab81', 'Faulkner4');
INSERT INTO USER1.DESTINATION (DEST_ID, NAME, NODE_ID, FLOOR_ID) VALUES ('1a3f3f00-1330-4745-87d3-ae25e6877e3b', '4G', '3ff3d9ff-3ea4-4411-8e32-6ccac3b6c818', 'Faulkner4');
INSERT INTO USER1.DESTINATION (DEST_ID, NAME, NODE_ID, FLOOR_ID) VALUES ('291ae49c-4b2a-48e1-a43a-d5368d564cf2', '4F', '98f48268-e8c0-4102-a461-4ce5dd8fe3a5', 'Faulkner4');
INSERT INTO USER1.DESTINATION (DEST_ID, NAME, NODE_ID, FLOOR_ID) VALUES ('4230b332-5f73-49a2-9b33-3499f707d397', '4D', '739d768c-c77b-433c-a412-f061d47984ad', 'Faulkner4');
INSERT INTO USER1.DESTINATION (DEST_ID, NAME, NODE_ID, FLOOR_ID) VALUES ('a5a3f7f8-3d93-4a75-af2a-11c2b141ae62', '4C', 'eabc4a1c-acab-4249-b31a-c4c2c7bdaa90', 'Faulkner4');
INSERT INTO USER1.DESTINATION (DEST_ID, NAME, NODE_ID, FLOOR_ID) VALUES ('0950b16d-7307-4430-9891-6173e7e055d8', 'Bathroom', '6017b9e8-b79b-41a0-aa68-70ad129f4ca9', 'Faulkner4');
INSERT INTO USER1.DESTINATION (DEST_ID, NAME, NODE_ID, FLOOR_ID) VALUES ('8180dc88-6a94-4bb8-8122-87aae764872d', '4A', 'ead8a4b7-146f-489b-b858-27ff5a97a352', 'Faulkner4');
INSERT INTO USER1.DESTINATION (DEST_ID, NAME, NODE_ID, FLOOR_ID) VALUES ('c7de9119-6da1-466f-b6db-2623d5788fc6', 'Bathroom', 'c650a4ed-c804-4b0e-ba01-e387f03816b3', 'Faulkner4');
INSERT INTO USER1.DESTINATION (DEST_ID, NAME, NODE_ID, FLOOR_ID) VALUES ('b93f8e9e-e879-4e80-860d-178250ccf884', '4I', '2824aadd-f8ca-4be9-a87b-f13a796164c4', 'Faulkner4');
INSERT INTO USER1.DESTINATION (DEST_ID, NAME, NODE_ID, FLOOR_ID) VALUES ('b704a172-ff4d-42f6-bff8-8115e61e42e2', '5B', 'e649ba0d-850d-465b-a99c-49eb2aff0f1a', 'Faulkner5');
INSERT INTO USER1.DESTINATION (DEST_ID, NAME, NODE_ID, FLOOR_ID) VALUES ('52831f70-2279-4226-a48a-7b629ab4c1e7', 'Restroom', '52452166-51a6-425b-bdc2-ced8fe517f95', 'Faulkner5');
INSERT INTO USER1.DESTINATION (DEST_ID, NAME, NODE_ID, FLOOR_ID) VALUES ('bdf0bbc2-2fbc-4154-a2a8-7169efdd6162', '5J', 'b1ebf8bc-f007-4d6b-9136-b24b63de2c10', 'Faulkner5');
INSERT INTO USER1.DESTINATION (DEST_ID, NAME, NODE_ID, FLOOR_ID) VALUES ('03a71ce1-7ff3-4e12-9cbe-fc7f3fb993f3', '5I', '81d74e72-7caa-4e7c-8f2d-24dabc3ea331', 'Faulkner5');
INSERT INTO USER1.DESTINATION (DEST_ID, NAME, NODE_ID, FLOOR_ID) VALUES ('0b4aefa9-279c-404f-8413-e296551bf482', 'department', '834fd410-92f5-4403-bb81-06c3cdab094f', 'Faulkner5');
INSERT INTO USER1.DESTINATION (DEST_ID, NAME, NODE_ID, FLOOR_ID) VALUES ('0ab037d4-9034-41a8-b051-51fb65467a71', '5L', '4592eff5-5a41-4d05-9c5f-5a7f6849661b', 'Faulkner5');
INSERT INTO USER1.DESTINATION (DEST_ID, NAME, NODE_ID, FLOOR_ID) VALUES ('28ea983f-5358-4149-a317-d926fe1cd8b1', 'Restroom', 'a1ad5380-5e07-44b7-89fa-330707d14fe2', 'Faulkner5');
INSERT INTO USER1.DESTINATION (DEST_ID, NAME, NODE_ID, FLOOR_ID) VALUES ('92727eb8-60ea-49dc-a842-7cd4453c0cfc', '5K', 'f51f6717-2609-468d-a665-1683c44b0c74', 'Faulkner5');
INSERT INTO USER1.DESTINATION (DEST_ID, NAME, NODE_ID, FLOOR_ID) VALUES ('a74db018-4bd6-4ca4-a823-fcb0c0e4eb21', 'Restroom', 'e730b495-72f9-4cd2-a4ba-cfedbeaf9e2d', 'Faulkner5');
INSERT INTO USER1.DESTINATION (DEST_ID, NAME, NODE_ID, FLOOR_ID) VALUES ('aa805d69-0540-41bf-bd47-490501a800d9', '5C', 'e0a9e293-7d37-4d77-a066-78644c4c6e29', 'Faulkner5');
INSERT INTO USER1.DESTINATION (DEST_ID, NAME, NODE_ID, FLOOR_ID) VALUES ('782336f3-a374-4924-957c-0c8c7d26ca3b', '5E', '58706550-50bd-4977-954a-92b80a87ec7f', 'Faulkner5');
INSERT INTO USER1.DESTINATION (DEST_ID, NAME, NODE_ID, FLOOR_ID) VALUES ('328a1a75-8aa3-4c21-90d6-d22405cd2d54', '5 North', '9d3f99a1-5425-4399-a143-4efedb35ffcd', 'Faulkner5');
INSERT INTO USER1.DESTINATION (DEST_ID, NAME, NODE_ID, FLOOR_ID) VALUES ('b8b220aa-586e-4ddd-9f9c-6be0715f63aa', '5D', '522a7226-e836-4172-8732-d77eb5a84bc0', 'Faulkner5');
INSERT INTO USER1.DESTINATION (DEST_ID, NAME, NODE_ID, FLOOR_ID) VALUES ('14a6a978-6aba-4c33-82b7-73523bf17b5e', '5A', '417002d4-aab1-4cfe-b326-da4b184c973a', 'Faulkner5');
INSERT INTO USER1.DESTINATION (DEST_ID, NAME, NODE_ID, FLOOR_ID) VALUES ('aff1501e-191d-4be5-b900-f479844c2a62', '5 South', 'b4bcbf36-e99c-4ce7-9064-2853279c082e', 'Faulkner5');
INSERT INTO USER1.DESTINATION (DEST_ID, NAME, NODE_ID, FLOOR_ID) VALUES ('04374751-bb5c-404f-b28c-cd0cdbe75395', '5H', '475e4cf4-9bcc-40cc-992a-7bd495acd00d', 'Faulkner5');
INSERT INTO USER1.DESTINATION (DEST_ID, NAME, NODE_ID, FLOOR_ID) VALUES ('c14ebb5f-a67e-4571-93e3-f1c97d853ac9', 'department', 'c4b0f5a9-0d75-4375-92ac-8c9aed724b68', 'Faulkner5');
INSERT INTO USER1.DESTINATION (DEST_ID, NAME, NODE_ID, FLOOR_ID) VALUES ('fb41f8b3-fb2d-4e37-be65-4cd02bbc900b', '5F', '6432d17f-7171-4fe6-a66d-bbc5dd58be97', 'Faulkner5');
INSERT INTO USER1.DESTINATION (DEST_ID, NAME, NODE_ID, FLOOR_ID) VALUES ('8fa62740-f9be-4ae9-b2e2-6ac5cc1f065e', '5G', '5d0deb83-4c86-4f0b-9f7d-138dd7ee00e0', 'Faulkner5');
INSERT INTO USER1.DESTINATION (DEST_ID, NAME, NODE_ID, FLOOR_ID) VALUES ('4108295d-6e09-497e-85e5-299edba7a0bd', 'Cafeteria', 'd6b0bb1c-12e6-417b-9c3f-353a21724740', 'Faulkner3');
INSERT INTO USER1.DESTINATION (DEST_ID, NAME, NODE_ID, FLOOR_ID) VALUES ('738528d8-0995-4adc-870e-6240c59d5e1b', '3B', '9321253f-36a7-44c3-a5f1-e3834ebf626d', 'Faulkner3');
INSERT INTO USER1.DESTINATION (DEST_ID, NAME, NODE_ID, FLOOR_ID) VALUES ('49a2594f-4338-4fce-82fe-f1691c244dfd', 'Huvos Auditorium', '530304ec-8292-4f71-8982-f9852befac07', 'Faulkner3');
INSERT INTO USER1.DESTINATION (DEST_ID, NAME, NODE_ID, FLOOR_ID) VALUES ('60da55c5-d18e-4341-8ee1-5fffdb2748b8', '3C', 'd254c4b2-79c6-4f93-aa4b-1293da5d571f', 'Faulkner3');
INSERT INTO USER1.DESTINATION (DEST_ID, NAME, NODE_ID, FLOOR_ID) VALUES ('4b2e484d-e0a3-48e4-8079-962fbea15767', 'Shuttle Pickup', '4550f4d2-dbba-4832-9e43-b29ad0b0f549', 'Faulkner3');
INSERT INTO USER1.DESTINATION (DEST_ID, NAME, NODE_ID, FLOOR_ID) VALUES ('a5cbd4f2-23bd-41d2-b5cc-8f0e91ddc726', 'Chapel', 'f9b2320c-6f2a-4e2b-9a5a-5865da87bc2c', 'Faulkner3');
INSERT INTO USER1.DESTINATION (DEST_ID, NAME, NODE_ID, FLOOR_ID) VALUES ('ba1b1429-2521-4233-b51d-868b1069c697', 'Volunteer Services', 'f6b8d879-0ee3-4eac-a8a2-b6d1f5bdc4ed', 'Faulkner3');
INSERT INTO USER1.DESTINATION (DEST_ID, NAME, NODE_ID, FLOOR_ID) VALUES ('afe4a002-e461-4fe6-85dc-16559bc72f11', 'Gift Shop', '3975dda0-e915-4209-af58-b5434f83d37e', 'Faulkner3');
INSERT INTO USER1.DESTINATION (DEST_ID, NAME, NODE_ID, FLOOR_ID) VALUES ('df03f0d4-fb3f-49aa-b1ca-a6e909133828', '3A', '8f77223e-0375-4e79-ac26-f696e6681125', 'Faulkner3');
INSERT INTO USER1.DESTINATION (DEST_ID, NAME, NODE_ID, FLOOR_ID) VALUES ('19cf2efa-9abd-4609-834e-68e563d3e62a', 'Emergency', '10d9847c-7149-46df-9cd4-83b610e8fc7b', 'Faulkner1');
INSERT INTO USER1.DESTINATION (DEST_ID, NAME, NODE_ID, FLOOR_ID) VALUES ('98106708-878d-40f7-bfa5-cb50cde32cad', 'Radiology', 'a71b389f-6bf7-4ea1-92cf-a713c762dde5', 'Faulkner1');
INSERT INTO USER1.DESTINATION (DEST_ID, NAME, NODE_ID, FLOOR_ID) VALUES ('71b2b548-e58f-4598-9460-910718a4bfa3', 'Day Surgery', '82ab6858-17ef-4b3d-82f3-b7b407c6b6ab', 'Faulkner1');
INSERT INTO USER1.DESTINATION (DEST_ID, NAME, NODE_ID, FLOOR_ID) VALUES ('7771f623-fc3d-47ee-95e4-1f8ff66c091d', 'GI/Endoscopy', '43e97be2-02ac-4e96-a8a7-7cce131ff149', 'Faulkner1');
INSERT INTO USER1.DESTINATION (DEST_ID, NAME, NODE_ID, FLOOR_ID) VALUES ('22900947-1c99-4aa9-8b61-3699a180cbd2', 'Bathroom', '22a0d570-f82b-40ee-ae5a-5847a140b058', 'Faulkner1');
INSERT INTO USER1.DESTINATION (DEST_ID, NAME, NODE_ID, FLOOR_ID) VALUES ('8a03e242-191c-4f3b-92d6-7246de001d47', 'Blood Draw', 'b418ca45-d9c0-4d9f-a709-f4da0f346c3e', 'Faulkner1');
INSERT INTO USER1.DESTINATION (DEST_ID, NAME, NODE_ID, FLOOR_ID) VALUES ('319cdb76-4154-43ab-adee-c0194ef50c41', 'Taiclet Family Center', 'e5ed68ae-b0c5-4dde-82ee-a3d9b4296b6d', 'Faulkner1');
INSERT INTO USER1.DESTINATION (DEST_ID, NAME, NODE_ID, FLOOR_ID) VALUES ('9feef695-6918-4844-a1db-af39fd318fee', 'Starbucks', 'fec37d15-c0e5-45ff-9162-5bd60f518d18', 'Faulkner1');
INSERT INTO USER1.DESTINATION (DEST_ID, NAME, NODE_ID, FLOOR_ID) VALUES ('d3f327c1-e371-4e9e-9c3d-401ca9e4703c', 'Emergency Entrance', 'aabf7ed7-7441-4449-958a-e7607653c2ed', 'Faulkner1');
INSERT INTO USER1.DESTINATION (DEST_ID, NAME, NODE_ID, FLOOR_ID) VALUES ('353750ed-f113-468e-8c67-d6b413bcfeb1', 'Preop Evaluation', 'd4165fc8-4bfb-4b87-92bd-f0edb3603764', 'Faulkner1');
INSERT INTO USER1.DESTINATION (DEST_ID, NAME, NODE_ID, FLOOR_ID) VALUES ('bff4f3df-bfd9-4630-a006-42d7f46650b3', '7 South', '3ebc9260-cde9-4be9-9051-07ae8e0c3cc5', 'Faulkner7');
INSERT INTO USER1.DESTINATION (DEST_ID, NAME, NODE_ID, FLOOR_ID) VALUES ('bb26236d-f160-4e98-99bc-0906ae6c3982', '7 North', '8ed34789-0e0e-43ce-babb-a907268d70e0', 'Faulkner7');
INSERT INTO USER1.DESTINATION (DEST_ID, NAME, NODE_ID, FLOOR_ID) VALUES ('12626d80-9539-40d6-8986-91303ef907e0', 'Restroom', 'bfeb7734-10dd-4950-9dc7-5af972539340', 'Faulkner7');
INSERT INTO USER1.DESTINATION (DEST_ID, NAME, NODE_ID, FLOOR_ID) VALUES ('9e75b3e4-f2fb-4467-b712-4b807052c239', 'Outpatient Psychiatry', '15e61427-8d32-47c4-b461-677cda14e835', 'Faulkner2');
INSERT INTO USER1.DESTINATION (DEST_ID, NAME, NODE_ID, FLOOR_ID) VALUES ('741518f8-a881-45a9-b17b-fdd9204c9c2f', 'Physical Therapy', '44ac7b6a-feef-4002-9bef-03f483dc3f9b', 'Faulkner2');
INSERT INTO USER1.DESTINATION (DEST_ID, NAME, NODE_ID, FLOOR_ID) VALUES ('656c949a-ca72-4ce8-beee-72b50e85748b', '2B', '13b415b5-5b00-4d63-8c3d-38c265ff331f', 'Faulkner2');
INSERT INTO USER1.DESTINATION (DEST_ID, NAME, NODE_ID, FLOOR_ID) VALUES ('3e021cc4-480a-49ae-a520-74c218c2fdb1', '2A', '010487c8-782f-4d7a-848a-1e4d4c7b09fb', 'Faulkner2');
INSERT INTO USER1.DESTINATION (DEST_ID, NAME, NODE_ID, FLOOR_ID) VALUES ('3c06f00c-dd73-4a89-9668-640d100cce19', '2nd Floor', '450df567-44a1-4057-8259-e51d1356564c', 'Faulkner2');