00000000-0000-0000-0000-001000000001,2nd Floor,00000000-0000-0000-0000-000010000001
00000000-0000-0000-0000-001000000002,5 South,00000000-0000-0000-0000-000010000002
00000000-0000-0000-0000-001000000003,4A,00000000-0000-0000-0000-000010000003
00000000-0000-0000-0000-001000000004,4B,00000000-0000-0000-0000-000010000004
00000000-0000-0000-0000-001000000005,2A,00000000-0000-0000-0000-000010000005
00000000-0000-0000-0000-001000000006,4C,00000000-0000-0000-0000-000010000006
00000000-0000-0000-0000-001000000007,2B,00000000-0000-0000-0000-000010000007
00000000-0000-0000-0000-001000000008,4D,00000000-0000-0000-0000-000010000008
00000000-0000-0000-0000-001000000009,6 North,00000000-0000-0000-0000-000010000009
00000000-0000-0000-0000-001000000010,4F,00000000-0000-0000-0000-000010000010
00000000-0000-0000-0000-001000000011,4G,00000000-0000-0000-0000-000010000011
00000000-0000-0000-0000-001000000012,4H,00000000-0000-0000-0000-000010000012
00000000-0000-0000-0000-001000000013,4I,00000000-0000-0000-0000-000010000013
00000000-0000-0000-0000-001000000014,4J,00000000-0000-0000-0000-000010000014
00000000-0000-0000-0000-001000000015,Belkin 4,00000000-0000-0000-0000-000010000015
00000000-0000-0000-0000-001000000016,Belkin 3,00000000-0000-0000-0000-000010000016
00000000-0000-0000-0000-001000000017,4N,00000000-0000-0000-0000-000010000017
00000000-0000-0000-0000-001000000018,Belkin 2,00000000-0000-0000-0000-000010000018
00000000-0000-0000-0000-001000000019,Belkin 1,00000000-0000-0000-0000-000010000019
00000000-0000-0000-0000-001000000020,7th Floor,00000000-0000-0000-0000-000010000020
00000000-0000-0000-0000-001000000021,4S,00000000-0000-0000-0000-000010000021
00000000-0000-0000-0000-001000000022,1st Floor,00000000-0000-0000-0000-000010000022
00000000-0000-0000-0000-001000000023,5A,00000000-0000-0000-0000-000010000023
00000000-0000-0000-0000-001000000024,5B,00000000-0000-0000-0000-000010000024
00000000-0000-0000-0000-001000000025,7 North,00000000-0000-0000-0000-000010000025
00000000-0000-0000-0000-001000000026,3A,00000000-0000-0000-0000-000010000026
00000000-0000-0000-0000-001000000027,5C,00000000-0000-0000-0000-000010000027
00000000-0000-0000-0000-001000000028,3B,00000000-0000-0000-0000-000010000028
00000000-0000-0000-0000-001000000029,5D,00000000-0000-0000-0000-000010000029
00000000-0000-0000-0000-001000000030,3C,00000000-0000-0000-0000-000010000030
00000000-0000-0000-0000-001000000031,5E,00000000-0000-0000-0000-000010000031
00000000-0000-0000-0000-001000000032,5F,00000000-0000-0000-0000-000010000032
00000000-0000-0000-0000-001000000033,5G,00000000-0000-0000-0000-000010000033
00000000-0000-0000-0000-001000000034,6 South,00000000-0000-0000-0000-000010000034
00000000-0000-0000-0000-001000000035,5H,00000000-0000-0000-0000-000010000035
00000000-0000-0000-0000-001000000036,5I,00000000-0000-0000-0000-000010000036
00000000-0000-0000-0000-001000000037,5J,00000000-0000-0000-0000-000010000037
00000000-0000-0000-0000-001000000038,5K,00000000-0000-0000-0000-000010000038
00000000-0000-0000-0000-001000000039,7South,00000000-0000-0000-0000-000010000039
00000000-0000-0000-0000-001000000040,5L,00000000-0000-0000-0000-000010000040
00000000-0000-0000-0000-001000000041,5M,00000000-0000-0000-0000-000010000041
00000000-0000-0000-0000-001000000042,5N,00000000-0000-0000-0000-000010000042
00000000-0000-0000-0000-001000000043,5 North,00000000-0000-0000-0000-000010000043
